price,bedrooms,bathrooms,sqft_living,floors,sqft_basement,yr_built
620000.0,2.0,1.0,1430,1.5,130,1929
1228000.0,4.0,2.5,5730,2.0,1450,1991
333000.0,4.0,2.5,1910,1.0,0,1963
743000.0,3.0,1.75,2110,1.0,0,1961
448000.0,2.0,1.5,1630,1.0,740,1940
485000.0,4.0,2.5,2470,2.0,0,1989
489950.0,4.0,2.25,2640,1.0,0,1986
498500.0,5.0,2.75,2990,2.0,0,1996
531000.0,3.0,2.5,2120,2.0,0,1988
670000.0,3.0,2.5,2050,1.0,320,1956
310000.0,5.0,3.0,1880,1.0,780,1997
835000.0,3.0,3.0,2790,2.0,1190,1977
495000.0,4.0,2.5,2140,2.0,0,2003
495000.0,3.0,2.0,1769,1.0,0,1955
440000.0,3.0,1.0,1710,1.5,510,1926
280000.0,1.0,0.75,420,1.0,0,1922
1070000.0,4.0,2.5,3270,2.0,0,1989
1034500.0,4.0,2.5,2370,2.0,0,2003
248000.0,4.0,2.5,1770,2.0,0,2003
294000.0,4.0,2.5,2210,1.0,720,1990
561000.0,3.0,2.25,1710,2.0,0,2004
656500.0,4.0,2.0,2710,1.0,1250,1919
660000.0,3.0,3.0,2340,2.0,180,1925
370000.0,2.0,1.0,1220,1.0,0,1947
349950.0,3.0,1.0,1060,1.0,0,1966
223000.0,2.0,1.0,910,1.0,0,1957
560000.0,4.0,1.75,1880,1.5,790,1944
594000.0,4.0,1.75,1870,2.0,670,1937
600000.0,3.0,2.25,1480,2.0,0,1914
315000.0,3.0,2.5,1880,2.0,0,1993
430000.0,4.0,1.75,1890,1.0,780,1947
440000.0,3.0,2.75,1560,1.0,530,1972
312500.0,2.0,1.5,1070,2.0,0,1999
1240000.0,5.0,4.0,4410,2.0,0,2006
300000.0,3.0,3.25,1470,2.0,290,2008
680000.0,3.0,2.5,2570,2.5,0,2007
336750.0,2.0,2.25,1170,2.0,0,2009
822500.0,5.0,3.5,2320,2.0,600,1926
589000.0,4.0,3.0,2440,2.0,0,1961
863000.0,4.0,2.5,4120,2.0,0,1997
210000.0,2.0,1.75,1440,1.0,0,1978
206135.0,3.0,1.0,1340,1.0,0,1978
1125000.0,6.0,3.75,3010,2.0,1010,2014
285000.0,3.0,1.75,1840,1.0,920,1905
230000.0,2.0,1.0,930,1.0,0,1986
845000.0,4.0,2.75,4070,2.0,0,2002
350000.0,3.0,1.75,1820,1.0,590,1976
304000.0,3.0,1.0,1280,1.5,0,1947
370000.0,2.0,1.0,900,1.0,0,1951
810000.0,3.0,1.75,1980,1.0,660,1952
440000.0,4.0,2.25,2010,1.0,790,1974
1030000.0,4.0,2.5,2750,2.0,790,1905
775000.0,4.0,2.0,3140,1.0,1200,1939
1335000.0,5.0,2.25,4200,2.5,1290,1906
235000.0,3.0,1.75,1900,1.0,950,1980
499950.0,3.0,1.0,1830,1.5,400,1926
622500.0,5.0,2.75,3320,2.0,1130,1975
300000.0,4.0,2.5,2700,1.0,1140,1966
205000.0,3.0,1.0,1290,1.0,0,1976
435000.0,3.0,1.75,1500,1.0,0,1997
697000.0,4.0,2.75,3650,1.5,0,1978
153000.0,3.0,1.0,1270,1.5,0,1944
454000.0,4.0,2.25,2630,2.0,0,1979
345000.0,2.0,1.5,1800,1.0,560,1987
585000.0,3.0,1.0,1870,1.5,290,1927
380000.0,4.0,2.5,2540,2.0,670,2000
250600.0,4.0,2.5,1930,1.0,810,1981
890000.0,4.0,2.25,2770,2.0,0,1974
370000.0,4.0,2.5,2220,2.0,0,2001
369500.0,3.0,1.5,1650,1.0,550,1961
883000.0,4.0,2.5,3670,2.0,0,1999
950000.0,4.0,2.5,3770,2.0,0,1989
615000.0,3.0,1.75,2350,1.0,550,1978
305000.0,3.0,1.5,1210,1.0,600,1983
590000.0,4.0,2.5,2010,2.0,0,1989
485000.0,3.0,2.5,1580,2.0,0,1985
215000.0,2.0,1.0,710,1.0,0,1943
430000.0,3.0,2.0,1910,1.5,0,1971
324900.0,4.0,2.5,1880,2.0,0,2000
849900.0,2.0,2.0,2280,2.0,0,1990
975000.0,5.0,2.75,3100,1.0,1440,1973
910000.0,5.0,2.5,2350,2.0,0,1993
459950.0,3.0,1.75,1850,1.0,750,1919
325000.0,3.0,2.5,2070,2.0,0,1997
513000.0,4.0,2.75,2020,1.0,1010,1958
475000.0,3.0,2.25,1580,1.0,380,1981
419000.0,4.0,2.5,2690,2.0,0,1993
760000.0,4.0,2.5,2420,1.0,720,1958
1120000.0,5.0,1.5,2540,2.0,200,1954
129000.0,2.0,1.0,1150,1.0,0,1950
725000.0,5.0,2.5,3210,1.0,1380,1968
580000.0,3.0,2.5,2040,2.0,0,1992
385000.0,3.0,2.25,1920,1.0,860,1921
265000.0,4.0,1.75,1900,1.0,0,1958
330000.0,3.0,2.5,1070,2.0,350,2005
665000.0,4.0,2.5,2790,2.0,0,1989
799000.0,3.0,2.5,2860,2.0,0,2000
589000.0,3.0,2.0,2250,1.0,1000,1925
538000.0,3.0,1.0,1460,1.0,200,1906
530100.0,3.0,1.0,1540,1.5,340,1926
718500.0,3.0,2.0,2910,2.0,990,1900
299000.0,3.0,1.75,1180,1.0,0,1962
556000.0,3.0,1.75,1640,1.0,550,1948
171000.0,4.0,2.0,1520,1.0,500,1920
540000.0,5.0,3.0,3610,2.0,0,2003
250000.0,3.0,2.25,1400,2.0,0,2012
795000.0,4.0,3.5,3200,2.0,530,2007
575000.0,3.0,3.0,1384,2.0,240,2006
379500.0,3.0,2.25,1410,2.0,120,2005
385000.0,4.0,2.5,2050,2.0,0,2006
415500.0,4.0,2.5,1750,2.0,0,2009
397500.0,3.0,2.0,1510,1.0,440,1972
530000.0,3.0,2.5,1930,2.0,0,2005
883000.0,4.0,2.5,2960,2.0,0,1985
850000.0,5.0,2.75,2920,1.0,1260,1968
496752.0,2.0,1.0,1980,1.0,890,1923
330000.0,3.0,1.75,1430,1.0,0,1950
735000.0,4.0,2.75,2450,2.0,0,2010
525000.0,4.0,2.75,2360,2.0,0,2008
269950.0,3.0,2.5,1890,2.0,160,2002
650000.0,3.0,1.75,2140,1.0,850,1953
520500.0,3.0,2.0,1900,1.0,950,1940
652500.0,4.0,2.5,2700,2.0,0,1990
506000.0,5.0,3.0,2430,1.0,1060,1957
416000.0,3.0,1.0,1110,1.0,0,1957
500000.0,4.0,2.75,2280,1.0,0,1960
460000.0,3.0,1.75,1550,1.0,690,1949
371025.0,3.0,2.0,1530,1.0,0,1977
576000.0,4.0,2.5,2440,2.0,0,2002
353500.0,4.0,2.25,1760,2.0,0,1987
183000.0,3.0,1.75,1070,1.0,0,1957
763101.0,3.0,1.75,1990,1.0,890,1939
460000.0,2.0,1.5,1090,1.0,120,1951
825000.0,4.0,1.5,1890,1.5,0,1919
265000.0,3.0,1.0,1000,1.0,0,1969
295000.0,3.0,1.75,1770,1.0,740,1960
418000.0,4.0,3.0,2360,1.0,900,1960
554000.0,3.0,3.5,3380,2.0,680,1999
534500.0,3.0,2.5,1700,2.0,0,2005
690000.0,2.0,1.75,1600,1.0,750,1918
530000.0,4.0,2.5,2050,2.0,0,1988
357186.0,2.0,1.75,1210,2.0,0,2014
300000.0,5.0,3.0,1940,1.0,740,2007
304000.0,4.0,2.0,1810,1.0,700,1967
385000.0,4.0,1.75,1690,1.0,820,1984
415000.0,4.0,2.0,1800,1.0,800,1923
963000.0,4.0,3.5,3280,2.0,0,2007
792500.0,4.0,2.5,4290,2.0,0,2004
309212.0,3.0,1.75,1150,1.0,0,1979
235000.0,2.0,1.5,880,2.0,0,1999
667000.0,3.0,1.5,1720,2.0,0,1907
470000.0,3.0,1.5,1510,1.0,0,1956
375000.0,4.0,2.0,1240,1.0,200,1908
410000.0,4.0,2.0,1580,1.0,0,1953
566000.0,4.0,2.25,2170,2.0,0,1987
680000.0,4.0,2.75,2500,2.0,0,2010
332000.0,1.0,1.0,960,1.0,200,1908
902000.0,4.0,2.5,3030,2.0,0,2003
500000.0,3.0,1.75,1540,1.0,770,1947
445000.0,3.0,1.75,1890,1.5,0,1976
825000.0,4.0,2.5,2810,1.0,1100,1973
1095000.0,4.0,4.0,3530,2.0,900,1958
277000.0,3.0,1.0,1100,1.0,0,1957
545000.0,3.0,2.5,1940,1.0,500,1975
435000.0,3.0,2.5,2300,2.0,0,2003
638000.0,3.0,2.5,2110,2.0,0,2005
418000.0,4.0,1.5,1220,1.0,0,1965
499000.0,3.0,1.75,1750,1.0,280,1968
150000.0,3.0,1.5,1230,1.0,0,1949
759950.0,3.0,2.5,3100,2.0,0,2002
427000.0,3.0,2.5,1830,1.0,310,1991
632500.0,5.0,2.5,2640,2.0,0,2003
660000.0,6.0,1.75,1840,1.0,780,1900
862000.0,4.0,2.5,3190,2.0,0,1990
524000.0,2.0,1.0,1120,1.5,0,1910
470000.0,3.0,1.5,1760,1.0,600,1958
385000.0,3.0,2.0,1590,2.0,0,2000
575000.0,4.0,2.5,2120,2.0,0,1985
220000.0,4.0,2.5,2240,1.0,870,1988
460000.0,2.0,1.0,890,1.0,130,1919
175000.0,3.0,1.5,1220,1.0,0,1973
465000.0,3.0,2.25,2670,1.0,1030,1966
552000.0,3.0,1.0,1120,1.0,300,1912
565000.0,4.0,2.75,3130,2.0,0,1981
518000.0,4.0,2.5,1740,1.0,520,1976
899950.0,4.0,3.5,3290,2.0,930,2006
373000.0,3.0,1.0,1770,1.5,630,1926
385000.0,4.0,2.5,2960,2.0,0,2006
245000.0,2.0,1.0,1200,1.0,220,1943
375000.0,4.0,2.0,2400,2.0,0,1913
699850.0,4.0,3.5,2690,2.0,0,2002
450000.0,6.0,2.25,3550,1.0,590,1948
455000.0,2.0,1.5,1310,1.5,0,1970
650000.0,4.0,2.75,2610,3.0,700,1910
378000.0,5.0,2.5,2760,1.0,1160,1960
220000.0,3.0,2.0,1410,1.0,0,1940
285500.0,4.0,1.75,1960,1.0,0,1967
340000.0,3.0,2.5,1212,3.0,0,2004
921000.0,4.0,1.5,2220,1.0,730,1954
375000.0,4.0,2.5,2040,1.5,0,1973
999000.0,4.0,2.75,2800,2.0,0,1992
335000.0,3.0,1.5,2040,1.0,700,1957
385000.0,2.0,1.0,830,1.0,0,1928
850000.0,4.0,3.5,4140,2.0,980,2003
429000.0,5.0,2.5,2340,2.0,0,2009
523950.0,3.0,2.25,1420,3.0,0,2006
798800.0,3.0,2.75,2670,1.0,950,2013
284000.0,3.0,2.5,1880,2.0,0,2009
852880.0,4.0,3.25,3450,2.0,0,2014
320000.0,3.0,2.25,1200,3.0,0,2005
749995.0,4.0,3.25,3430,2.0,0,2014
468500.0,3.0,2.5,1350,2.0,230,2007
492500.0,5.0,2.5,2570,2.0,0,2006
685000.0,4.0,3.5,2840,3.0,0,2008
542525.0,4.0,2.5,2650,2.0,0,2014
435000.0,3.0,2.0,1980,3.0,0,2007
242000.0,3.0,1.75,1280,1.5,0,1988
325000.0,4.0,2.5,2610,2.0,0,1987
837700.0,5.0,2.75,3010,2.0,0,1994
210000.0,1.0,1.0,930,1.0,0,1948
187500.0,3.0,1.5,1180,1.0,0,1977
560000.0,5.0,1.0,1710,1.5,390,1926
272000.0,3.0,2.0,1380,1.0,0,1989
235000.0,3.0,1.75,1190,1.0,0,1968
259000.0,3.0,2.0,1870,1.0,600,1986
866059.0,5.0,3.5,3130,2.0,560,2014
473000.0,2.0,1.0,900,1.0,0,1909
405000.0,3.0,1.5,1880,1.0,400,1968
870000.0,4.0,4.25,3010,2.0,1070,1951
475000.0,3.0,2.25,2280,1.0,1130,1985
499500.0,3.0,2.5,2970,2.0,0,1998
386000.0,2.0,2.5,1620,2.0,0,2008
458000.0,4.0,1.5,1550,1.5,200,1918
550000.0,3.0,1.75,2240,2.0,0,1976
605500.0,3.0,2.5,2830,2.0,0,1989
421000.0,3.0,2.5,2890,2.0,0,2000
536000.0,4.0,2.25,1990,2.0,0,1991
247200.0,3.0,1.75,1370,1.0,0,1982
250000.0,2.0,1.5,1088,2.0,0,1983
204950.0,4.0,1.75,1740,1.0,560,1978
430000.0,3.0,2.0,1730,1.0,360,1978
250000.0,4.0,2.5,1800,2.0,0,1998
260000.0,3.0,1.75,1440,1.0,350,1958
547000.0,4.0,1.0,1720,1.5,520,1926
379900.0,5.0,3.5,2800,2.0,0,1995
738500.0,3.0,2.5,2300,1.0,0,2005
545000.0,4.0,2.25,2030,1.0,440,1967
342000.0,2.0,1.0,740,1.0,0,1948
170000.0,4.0,1.0,1920,1.0,700,1966
616000.0,4.0,2.5,2490,2.0,0,1983
640000.0,3.0,2.0,1380,1.0,0,1948
332000.0,3.0,2.5,1530,1.0,260,1993
1010000.0,3.0,3.25,2420,2.0,580,2006
380000.0,4.0,2.5,2150,2.0,0,1991
415000.0,4.0,2.0,1610,1.0,0,1967
1008000.0,4.0,3.5,2650,2.0,590,2001
669000.0,4.0,2.75,2700,2.0,0,1976
260000.0,3.0,1.5,1270,1.0,120,1948
854000.0,4.0,2.75,3150,1.0,670,1986
605000.0,3.0,2.25,2010,2.0,0,1985
320000.0,3.0,1.0,860,1.5,0,1927
229950.0,3.0,2.0,1410,1.0,0,1983
255000.0,3.0,1.75,1700,1.0,0,1987
1170000.0,4.0,2.5,2570,2.0,0,2000
479000.0,2.0,2.25,1230,2.0,210,2004
1200000.0,4.0,3.5,4170,2.0,0,2004
472000.0,3.0,2.5,1180,3.0,0,2010
198000.0,3.0,1.5,1430,1.0,610,1980
440000.0,4.0,2.0,1450,1.5,0,1962
506000.0,3.0,1.75,2180,1.0,700,1961
382500.0,4.0,2.5,2210,2.0,0,1993
269500.0,2.0,1.5,1480,1.0,540,1978
560000.0,3.0,2.0,2340,1.0,1170,1971
840000.0,4.0,3.5,3860,2.0,740,1996
479500.0,3.0,2.75,2300,2.0,0,2008
402000.0,3.0,1.5,1450,1.0,440,1968
549000.0,2.0,2.5,1380,3.0,0,2006
449950.0,4.0,2.5,2470,2.0,0,1999
493000.0,4.0,1.75,2030,1.5,0,1975
142500.0,4.0,0.75,1440,1.0,0,1948
250000.0,3.0,1.75,1160,1.0,0,1998
729000.0,3.0,1.0,1580,2.0,0,1908
465000.0,2.0,2.75,1430,2.0,435,2006
465000.0,2.0,2.0,1494,2.0,0,1943
280000.0,4.0,2.25,1930,1.0,570,1988
675000.0,6.0,1.75,2740,1.0,1370,1953
667500.0,3.0,2.0,1880,1.0,850,1927
809000.0,3.0,2.5,2590,2.0,0,1988
400000.0,3.0,2.25,2140,2.0,0,1986
310000.0,4.0,2.0,1870,1.5,0,1956
435000.0,2.0,1.0,1230,1.0,0,1928
465950.0,4.0,2.5,2340,2.0,0,2001
253000.0,3.0,1.5,880,1.0,0,1945
330000.0,3.0,2.5,3040,2.0,0,2003
554000.0,4.0,1.0,1120,1.5,0,1946
350000.0,3.0,2.0,1380,3.0,0,2013
294999.0,4.0,2.5,1660,2.0,0,1994
1185001.0,3.0,2.75,2500,2.0,0,1905
752000.0,4.0,2.5,2940,2.0,0,1991
451000.0,4.0,2.5,1670,2.0,0,2005
725000.0,4.0,2.75,2630,2.0,0,1994
345000.0,4.0,2.75,2250,1.0,770,1975
206000.0,3.0,1.0,1320,1.0,0,1967
580000.0,5.0,2.0,2700,1.0,1160,1962
430000.0,3.0,1.0,980,1.0,0,1950
720000.0,4.0,2.5,2650,2.0,540,1988
824000.0,7.0,4.25,3670,2.0,870,1964
936000.0,3.0,1.75,2960,1.0,1480,1952
535000.0,4.0,2.75,3070,2.0,0,2006
286800.0,3.0,2.5,1413,2.0,0,2011
350000.0,2.0,2.5,1260,3.0,0,2005
345000.0,3.0,2.5,1680,2.0,0,2007
435000.0,3.0,2.25,1230,2.0,150,2009
1325000.0,4.0,4.0,4420,2.0,0,2013
461000.0,3.0,3.25,2770,2.0,790,2006
770000.0,3.0,2.25,2910,2.0,0,1990
1384000.0,4.0,3.25,4290,1.0,1600,1997
330000.0,3.0,2.5,1600,2.0,0,2005
322500.0,4.0,2.5,1820,2.0,0,1994
475000.0,3.0,1.75,1700,1.0,470,1977
250275.0,2.0,1.0,790,1.0,0,1942
274500.0,3.0,2.25,1720,1.0,400,1969
284950.0,3.0,1.0,990,1.0,0,1960
264950.0,4.0,1.75,1770,1.0,720,1983
242000.0,3.0,2.0,1260,1.0,0,1986
913000.0,4.0,2.5,3640,2.0,0,1999
555000.0,3.0,1.75,2040,1.0,920,1958
711000.0,4.0,1.75,1980,1.0,990,1948
403500.0,5.0,2.5,3600,1.0,1190,1968
975000.0,4.0,2.5,4270,1.0,1590,1991
253779.0,4.0,2.0,2030,1.5,600,1947
384400.0,3.0,3.25,1689,3.0,0,2008
646000.0,5.0,2.75,2870,1.0,1220,1976
415000.0,3.0,1.75,1270,1.0,0,1952
764000.0,4.0,2.5,2790,2.0,0,1997
507000.0,5.0,3.25,3850,2.0,820,2002
545500.0,3.0,2.5,1560,1.5,200,1936
450000.0,3.0,1.75,1180,1.0,420,1928
264000.0,4.0,1.75,1820,1.0,740,1980
650000.0,5.0,1.75,1260,1.5,0,1926
365000.0,3.0,2.5,2640,2.0,960,1991
343566.0,2.0,1.0,1100,1.0,0,1954
375000.0,3.0,2.5,1950,2.0,0,1997
295000.0,3.0,2.0,1380,1.0,0,1966
325000.0,3.0,2.75,2200,1.0,920,1977
265000.0,4.0,1.5,2050,1.0,1000,1963
562000.0,5.0,3.0,2795,2.0,0,1996
540000.0,4.0,2.5,2050,2.0,0,1989
279950.0,5.0,1.75,2150,1.0,690,1970
540000.0,3.0,1.75,1970,1.0,550,1963
310000.0,4.0,2.5,2660,1.0,920,1960
190000.0,1.0,1.0,720,1.0,0,1914
440000.0,4.0,2.5,2410,2.0,0,2000
1400000.0,3.0,2.0,2020,1.5,230,1937
230000.0,2.0,1.0,1080,1.0,0,1958
455000.0,3.0,1.75,1180,1.0,0,1981
175000.0,2.0,1.0,660,1.0,0,1915
650000.0,3.0,1.75,2920,1.0,1300,1981
192500.0,3.0,1.0,1080,1.5,0,1900
239950.0,3.0,1.75,1670,1.0,500,1978
175000.0,6.0,1.0,1370,1.5,250,1931
850000.0,5.0,3.5,3450,1.0,1100,1972
410000.0,4.0,2.0,1970,1.0,150,1961
570000.0,4.0,2.5,2290,2.0,0,1996
469000.0,5.0,2.5,2240,1.0,1100,1966
559000.0,2.0,1.0,1240,1.0,180,1938
739888.0,3.0,2.5,2420,2.0,730,1989
568450.0,5.0,3.5,3260,2.0,0,1969
240000.0,2.0,1.0,670,1.0,0,1942
574950.0,5.0,3.25,3160,2.0,0,1980
180000.0,3.0,2.25,1990,2.0,0,1967
1160000.0,4.0,3.5,4680,2.0,1320,2005
300000.0,3.0,2.5,1700,2.0,0,2000
630000.0,4.0,2.5,2807,2.0,0,1996
507000.0,4.0,1.75,1770,1.0,600,1968
287500.0,4.0,2.5,2570,1.0,980,1979
688000.0,3.0,3.0,3450,2.0,0,1983
424000.0,3.0,2.0,1670,1.0,500,1972
400000.0,3.0,1.75,1050,1.5,100,1928
620000.0,4.0,2.5,1910,2.0,0,1987
300000.0,3.0,1.0,910,1.0,0,1971
615000.0,5.0,2.25,2480,2.0,0,1978
206000.0,2.0,1.5,1820,2.0,0,1921
515500.0,4.0,2.5,2920,2.0,0,2003
554000.0,5.0,2.25,1870,1.0,700,1961
825000.0,4.0,3.5,3810,2.0,0,1938
855000.0,4.0,2.25,2190,2.0,390,1918
315000.0,3.0,2.5,1730,2.0,0,1993
299000.0,5.0,2.5,2220,1.0,1110,1968
650000.0,3.0,1.5,1320,1.0,0,1951
465000.0,3.0,1.75,1510,1.0,650,1925
535000.0,3.0,2.0,2120,2.0,0,2003
564000.0,2.0,2.0,1690,1.0,0,2004
515000.0,3.0,3.5,1360,2.0,320,2007
580000.0,4.0,2.5,3250,2.0,0,2008
309000.0,3.0,2.25,1490,2.0,270,2010
536751.0,3.0,1.75,1930,1.0,0,2013
415000.0,4.0,2.5,2020,2.0,0,2010
267000.0,3.0,2.25,1584,2.0,0,2012
820000.0,4.0,2.5,3170,2.0,0,2008
1399950.0,4.0,2.75,3870,2.0,0,2005
485000.0,2.0,2.5,1430,3.0,20,2008
482000.0,3.0,3.25,1380,3.0,0,2008
535000.0,4.0,2.5,2610,2.0,0,2008
690000.0,3.0,3.25,1540,3.0,0,2013
576000.0,3.0,2.5,1940,1.0,970,1948
378750.0,3.0,2.5,2160,1.5,900,1909
269900.0,4.0,1.75,1530,1.5,0,1968
210000.0,3.0,2.0,1440,1.0,0,1983
429900.0,4.0,2.5,2640,2.0,0,1987
360000.0,4.0,2.5,2850,2.0,0,2004
405000.0,2.0,1.0,1260,1.0,0,1947
450000.0,3.0,1.75,1610,1.0,0,1955
703000.0,3.0,2.0,1360,1.5,0,1945
661000.0,4.0,2.5,2496,2.0,0,1998
580000.0,4.0,2.25,2160,1.0,0,1969
464000.0,3.0,1.0,1320,2.0,0,1900
945000.0,2.0,2.5,2540,2.0,0,2004
659500.0,4.0,3.0,2620,1.0,750,1956
200000.0,3.0,1.5,1140,1.0,0,1960
280000.0,3.0,2.0,1790,1.0,0,1990
1325000.0,4.0,2.5,2440,2.5,0,1902
346150.0,3.0,2.0,2140,1.0,660,1966
197500.0,3.0,1.0,1330,2.0,0,1905
799000.0,4.0,2.5,2590,2.0,0,2001
1309500.0,4.0,4.5,4750,2.0,1150,2005
350000.0,2.0,1.0,1620,1.0,770,1921
720000.0,4.0,2.5,2440,2.0,0,1987
519000.0,3.0,2.75,2020,1.0,750,1954
590300.0,3.0,1.5,1470,2.0,0,1907
410000.0,6.0,2.75,2520,1.0,1200,1962
437000.0,2.0,1.75,1440,1.0,0,2005
221000.0,3.0,2.25,1640,1.0,500,1984
380000.0,4.0,2.25,2150,1.0,1060,1963
506000.0,2.0,1.0,1570,1.0,420,1952
395000.0,4.0,1.0,1980,1.0,550,1968
285000.0,3.0,1.0,1210,1.5,0,1901
311000.0,3.0,1.75,1900,1.5,830,1903
520000.0,3.0,1.75,1940,1.0,0,1991
435000.0,3.0,1.75,1310,1.0,0,1948
120000.0,2.0,1.0,990,1.0,0,1945
1440000.0,3.0,3.5,3870,2.0,1110,2002
186000.0,3.0,2.0,1340,1.0,420,1912
756000.0,4.0,2.25,2160,1.0,1080,1947
248000.0,4.0,2.0,2080,1.0,1040,1950
287000.0,3.0,2.0,1300,1.5,0,1933
510000.0,4.0,2.5,2610,2.0,0,1998
249000.0,3.0,1.0,1050,1.0,0,1959
340000.0,3.0,2.5,2480,2.0,0,2004
399888.0,4.0,2.25,1820,1.5,500,1930
440000.0,3.0,1.75,1170,1.0,0,1968
899000.0,4.0,2.25,2370,1.0,930,1959
540500.0,5.0,3.75,3090,2.0,0,2014
385000.0,3.0,1.75,2310,1.0,680,1978
558000.0,4.0,2.25,2060,1.0,740,1962
600000.0,3.0,2.0,2540,1.0,0,2007
450000.0,4.0,2.5,2400,2.0,0,2003
232500.0,3.0,1.0,1320,1.0,440,1961
436000.0,2.0,1.0,790,1.0,0,1949
240000.0,4.0,2.0,1790,1.0,120,1960
489950.0,3.0,2.25,1820,2.0,0,1983
680000.0,6.0,2.0,1670,1.0,770,1911
1068000.0,5.0,3.5,3990,2.0,0,2001
352450.0,3.0,2.0,1430,1.0,0,1945
335000.0,4.0,2.0,2030,1.0,0,1969
549000.0,4.0,1.75,1290,2.0,0,1906
1240000.0,4.0,3.5,3820,2.0,540,1990
618250.0,4.0,3.25,2520,1.5,970,1931
850000.0,2.0,1.75,1590,1.5,270,1927
930000.0,5.0,2.0,3530,1.5,0,1925
505000.0,3.0,2.5,1610,2.0,0,1996
925000.0,4.0,2.5,3280,2.0,0,1994
275000.0,3.0,1.75,1860,1.0,0,1971
499000.0,3.0,1.75,1840,1.0,920,1910
507000.0,3.0,2.5,2120,2.0,0,2003
619850.0,4.0,2.5,2270,1.0,770,1972
500000.0,3.0,2.5,2840,1.0,970,1994
310000.0,4.0,1.5,1220,1.0,0,1980
646000.0,4.0,2.5,2310,2.0,0,2008
265000.0,3.0,1.75,1840,1.0,0,1966
475000.0,3.0,2.5,950,2.0,0,2003
600000.0,4.0,2.25,3070,2.0,0,1970
470000.0,3.0,2.0,1730,1.0,0,1997
319950.0,2.0,1.0,920,1.0,0,1939
712000.0,3.0,2.75,3200,2.0,0,2004
775000.0,4.0,2.75,3010,2.0,0,1996
390000.0,3.0,2.25,1600,1.0,510,1979
585000.0,4.0,2.5,2840,2.0,0,2001
1027000.0,3.0,2.5,2430,2.0,0,1989
232603.0,3.0,1.75,1750,2.0,0,1976
543000.0,3.0,2.25,1240,3.0,0,2008
607500.0,3.0,3.25,1530,3.0,0,2006
750000.0,3.0,3.5,3390,2.0,350,2012
728050.0,3.0,2.5,2320,1.0,0,2008
734990.0,4.0,2.5,2650,2.0,0,2012
330000.0,3.0,2.5,2238,2.0,0,2011
605000.0,4.0,2.5,2620,2.0,0,1996
441000.0,3.0,2.75,1910,1.0,750,1979
650000.0,4.0,2.5,3040,2.0,0,2003
395000.0,3.0,1.0,1500,1.0,600,1925
245000.0,1.0,0.75,380,1.0,0,1963
905000.0,4.0,3.5,2970,2.0,630,1997
660000.0,4.0,3.25,3030,2.0,0,1988
378000.0,4.0,2.5,1890,1.0,660,1978
600000.0,2.0,1.0,1040,1.0,0,1919
632500.0,4.0,2.5,2090,2.0,0,1986
210000.0,2.0,2.0,1680,2.0,0,1910
754800.0,2.0,2.5,2770,2.0,0,2006
175000.0,2.0,1.0,1020,1.0,0,1948
455000.0,3.0,2.25,1470,2.0,0,1985
450000.0,3.0,2.0,1430,1.0,450,1947
790000.0,4.0,1.75,2050,1.0,600,1974
480000.0,4.0,1.0,2080,1.0,1040,1941
850000.0,3.0,2.25,2870,2.0,620,1995
725000.0,4.0,3.25,3940,2.0,500,2000
380000.0,3.0,1.5,1520,1.0,500,1949
979000.0,3.0,1.5,1700,1.0,0,1954
359950.0,3.0,2.25,1940,1.0,840,1981
665900.0,4.0,2.25,2870,2.0,650,1926
812000.0,3.0,3.25,3240,2.0,0,2001
203000.0,3.0,1.0,1150,1.0,0,1953
456000.0,3.0,1.5,1440,1.0,0,1975
547000.0,5.0,2.5,2200,1.5,780,1916
280000.0,3.0,2.0,1470,1.0,0,1987
640000.0,2.0,1.75,1760,1.0,880,1930
477000.0,3.0,1.75,1780,1.0,570,1976
455000.0,4.0,2.25,2450,1.0,800,1954
587206.0,3.0,3.5,1890,2.0,250,1999
425000.0,3.0,2.5,2540,2.0,0,1999
511500.0,4.0,1.0,1360,1.5,0,1917
218000.0,2.0,2.0,1310,2.0,0,2004
332000.0,3.0,2.0,1510,1.0,0,1942
291000.0,3.0,1.5,1860,1.0,720,1967
279000.0,4.0,2.0,2200,1.0,1100,1979
950000.0,4.0,2.5,3360,2.0,0,1988
970500.0,3.0,2.75,2470,2.0,0,1960
412000.0,2.0,1.0,1260,1.0,570,1925
400000.0,3.0,1.0,1430,1.5,0,1950
200000.0,3.0,2.25,1230,1.5,0,1913
397000.0,4.0,2.5,2320,2.0,0,1997
715000.0,4.0,2.5,3290,2.0,0,2003
371000.0,4.0,2.5,2550,2.0,0,2005
458000.0,3.0,2.5,1870,2.0,0,2003
436500.0,5.0,3.0,3110,1.0,1320,1977
329950.0,3.0,2.5,1820,2.0,0,1983
950000.0,3.0,3.25,3050,1.0,1400,1962
282000.0,4.0,2.0,1890,2.0,0,1997
250000.0,1.0,1.0,800,1.0,120,1931
1135000.0,6.0,4.25,6900,2.0,2080,2002
400000.0,4.0,1.75,2670,2.0,0,1972
681500.0,5.0,2.75,3260,1.0,1630,1964
200000.0,2.0,1.0,860,1.0,0,1949
1300000.0,5.0,4.0,3366,2.5,400,1937
1462497.0,5.0,3.25,3840,3.0,1090,2008
995000.0,4.0,4.5,3850,2.0,850,1998
355000.0,4.0,2.5,2040,2.0,0,1996
425000.0,3.0,2.25,1790,1.0,500,1967
869000.0,4.0,3.0,3740,2.0,680,1988
915000.0,3.0,3.25,2660,2.0,490,2003
925000.0,4.0,2.0,3140,1.0,1100,1959
390000.0,3.0,1.0,1160,1.5,0,1910
330000.0,3.0,2.25,1860,2.0,0,1995
482500.0,4.0,3.0,1630,1.0,520,1990
525000.0,3.0,2.25,1750,3.0,0,2001
237000.0,3.0,1.0,1300,1.0,0,1960
205000.0,3.0,1.0,960,1.0,0,1960
623000.0,3.0,2.5,1850,2.0,0,1989
565000.0,4.0,2.75,3260,2.0,0,2013
400000.0,4.0,2.25,2420,1.0,1020,1973
405000.0,3.0,1.0,1460,1.5,0,2002
337000.0,4.0,3.0,2240,2.0,0,1992
355000.0,2.0,1.0,1240,1.0,240,1943
885000.0,3.0,2.25,2060,1.0,450,1975
420000.0,5.0,2.75,2280,1.0,980,1959
448000.0,4.0,2.5,2510,2.0,0,2006
800000.0,4.0,2.75,3150,2.0,0,2004
830000.0,5.0,2.25,2780,2.0,0,1978
725000.0,6.0,1.75,2380,2.0,0,1917
780000.0,3.0,2.25,2140,2.0,0,1905
325000.0,2.0,1.0,840,1.0,0,1948
488800.0,4.0,2.25,2170,1.0,870,1976
1320000.0,4.0,3.5,4410,2.0,0,1989
489000.0,4.0,2.0,2120,1.0,1060,1940
1240000.0,7.0,5.5,6630,2.0,1700,2004
595000.0,3.0,2.75,3290,2.0,0,1993
359900.0,5.0,2.25,2290,1.0,1000,1973
1080000.0,3.0,3.0,4910,2.0,910,1989
925000.0,4.0,2.75,3730,2.0,0,2012
625000.0,3.0,2.5,2440,2.0,0,2014
339990.0,3.0,2.5,2570,2.0,0,2014
775950.0,4.0,2.5,2970,2.0,0,2014
420000.0,5.0,3.0,2630,2.0,960,2013
654000.0,3.0,3.25,1530,2.0,250,2005
725000.0,3.0,3.5,3690,2.0,0,2001
375000.0,2.0,1.0,1230,2.0,400,1948
1100000.0,3.0,2.5,2200,1.0,800,1952
639500.0,4.0,2.25,2330,2.0,0,1986
849000.0,4.0,2.0,2160,1.5,0,1928
418000.0,4.0,1.5,1550,1.0,550,1956
442900.0,4.0,1.75,1780,1.0,890,1943
750000.0,3.0,1.75,2610,1.5,930,1934
930000.0,3.0,2.5,3290,2.0,0,2000
565000.0,2.0,1.75,1330,1.0,370,1914
874150.0,4.0,3.5,3530,2.0,960,1987
545000.0,4.0,2.5,2090,2.0,0,1990
500000.0,4.0,2.5,2040,1.0,620,1963
687000.0,4.0,2.5,2370,2.0,0,1966
810000.0,4.0,2.5,2810,2.0,0,1989
439500.0,3.0,2.5,2050,1.0,480,1977
802000.0,3.0,1.75,2870,1.5,1030,1907
732600.0,4.0,2.5,2130,1.0,900,1963
374000.0,4.0,2.5,2580,2.0,0,2004
330000.0,4.0,2.5,2380,2.0,0,1999
365000.0,4.0,2.0,1940,1.0,0,1962
290900.0,2.0,2.0,1610,2.0,0,1930
577000.0,3.0,2.5,2060,1.0,730,1976
280000.0,2.0,1.0,1010,1.0,0,1925
675000.0,4.0,2.5,2810,2.0,0,1982
800000.0,3.0,2.25,2380,1.0,930,1972
299995.0,2.0,1.0,1060,1.0,0,1951
440000.0,3.0,1.75,1560,1.0,310,1983
249500.0,2.0,1.75,1500,1.0,0,1963
690000.0,2.0,1.0,970,1.0,0,1907
235000.0,3.0,1.0,1170,1.0,0,1968
320000.0,3.0,2.5,2280,2.0,0,1998
350000.0,7.0,3.0,2800,1.0,1400,1963
334000.0,4.0,1.5,1150,1.5,0,1970
235000.0,6.0,3.0,2180,2.0,0,1980
442000.0,4.0,2.5,2520,2.0,0,1990
264000.0,3.0,1.75,1760,1.0,0,1966
275000.0,2.0,1.0,1180,1.0,0,1949
430000.0,2.0,1.5,950,1.0,0,1949
550000.0,3.0,2.5,1900,2.0,0,1988
775000.0,4.0,2.5,2300,2.0,0,1999
603500.0,6.0,2.75,2660,1.0,1110,1962
230000.0,3.0,1.0,1530,1.5,0,1919
449000.0,4.0,2.5,1850,1.0,620,1930
420000.0,3.0,2.0,1200,1.0,320,1937
735000.0,4.0,2.25,2270,1.0,930,1954
200000.0,3.0,1.5,1090,1.0,0,1968
286000.0,3.0,2.75,1100,2.0,320,2008
579000.0,3.0,2.5,1640,3.0,0,2009
345100.0,3.0,3.75,1950,1.0,590,1959
350000.0,3.0,1.75,1660,1.5,0,1957
291500.0,3.0,1.0,880,1.5,0,1946
649950.0,3.0,2.5,1500,2.0,300,2014
458500.0,3.0,2.0,1890,2.0,460,2012
500000.0,3.0,1.0,1150,2.0,0,1911
362300.0,3.0,2.5,2430,2.0,0,1997
324000.0,4.0,1.75,2110,1.0,940,1975
495000.0,3.0,2.0,2950,2.0,640,1918
233500.0,3.0,2.25,1650,2.0,0,1985
479000.0,3.0,2.25,2110,2.0,0,1978
322200.0,4.0,2.25,2010,2.0,0,1975
835000.0,4.0,2.5,3030,2.0,0,1998
347000.0,3.0,1.0,1270,1.0,0,1955
725000.0,3.0,1.75,1610,1.0,0,1962
345000.0,3.0,1.0,1140,2.0,0,1904
345950.0,3.0,2.5,2110,2.0,0,1989
550000.0,3.0,1.75,1840,1.0,0,1964
399950.0,3.0,1.75,1560,1.0,750,1940
269500.0,3.0,1.75,1840,1.0,600,1976
494000.0,4.0,2.5,1830,1.0,290,1973
453000.0,4.0,1.75,2120,1.0,1060,1956
442500.0,3.0,1.75,1600,1.0,550,1977
235000.0,4.0,1.75,1450,1.5,270,1962
389800.0,3.0,1.75,1880,1.0,0,1959
346000.0,3.0,1.75,1270,1.0,390,1950
360000.0,4.0,1.5,1720,1.0,0,1953
650000.0,4.0,2.5,2400,2.0,0,1990
290000.0,3.0,1.0,1150,1.0,160,1932
234000.0,2.0,1.0,870,1.0,0,1940
260000.0,4.0,2.5,2000,2.0,0,1989
349900.0,3.0,2.0,2420,1.0,1210,1949
275000.0,3.0,1.0,1080,1.0,0,1952
725000.0,4.0,2.5,3420,2.0,0,1988
375000.0,4.0,2.5,1870,2.0,0,1990
806000.0,4.0,2.5,2500,1.0,0,1997
470000.0,3.0,2.5,2150,2.0,0,1992
490000.0,3.0,2.25,1470,2.0,390,1984
615000.0,5.0,2.0,2130,1.5,860,1926
249000.0,3.0,1.0,1000,1.0,0,1968
396500.0,3.0,1.75,2390,1.0,1040,1955
405000.0,2.0,1.0,860,1.0,0,1901
560000.0,3.0,2.5,1960,2.0,0,1989
459950.0,4.0,2.5,2000,2.0,0,2003
265000.0,3.0,1.0,1620,1.5,0,1928
502000.0,6.0,2.5,2890,1.0,1260,1977
430000.0,3.0,1.75,1300,1.0,0,1981
525000.0,2.0,1.0,1080,1.0,0,1924
415000.0,4.0,2.5,2170,1.0,820,1955
600000.0,3.0,2.5,2260,2.0,0,1987
225000.0,3.0,1.75,1580,1.0,0,1967
300000.0,4.0,2.5,2620,2.0,0,2008
491234.0,4.0,2.5,1540,2.0,0,2014
905000.0,4.0,3.25,3440,2.0,0,2006
199950.0,5.0,2.5,1740,1.0,0,1959
450000.0,4.0,1.75,2160,1.0,900,1942
899000.0,3.0,1.0,1480,2.0,0,1949
649000.0,2.0,1.75,2260,2.0,370,2005
780000.0,4.0,3.5,3910,2.0,1420,1987
400000.0,4.0,1.75,1700,1.5,360,1965
831500.0,5.0,2.5,4470,2.5,0,1984
471001.0,3.0,1.75,1800,1.0,900,1905
385000.0,3.0,3.25,1630,3.0,0,2007
326000.0,3.0,1.0,1030,1.0,0,1969
335000.0,1.0,1.0,720,1.0,0,1907
320000.0,4.0,1.5,1890,1.0,0,1974
300000.0,4.0,2.5,1840,2.0,0,2004
269950.0,4.0,2.5,2540,2.0,0,1977
1220000.0,4.0,3.75,3520,1.5,1320,1913
590000.0,4.0,2.5,3220,1.5,0,1966
750000.0,3.0,2.0,1820,1.5,100,1941
239950.0,3.0,1.75,1230,1.0,0,1984
215000.0,3.0,2.0,1340,1.0,0,1931
165000.0,3.0,1.0,1200,1.0,0,1943
261350.0,3.0,1.75,1390,1.0,0,1962
569000.0,4.0,2.0,1730,1.0,670,1924
425000.0,3.0,2.25,1580,1.0,400,1992
800000.0,4.0,3.0,3520,1.0,1540,1954
715000.0,4.0,2.5,2650,1.0,970,1960
337000.0,3.0,1.75,1310,1.0,0,1993
560000.0,4.0,2.5,2300,2.0,0,1990
449500.0,3.0,2.25,1780,1.0,440,1972
660000.0,3.0,3.25,1980,3.0,0,1987
685000.0,2.0,1.5,1300,1.0,0,1943
905000.0,5.0,3.5,3500,2.0,930,1996
403500.0,3.0,1.0,1830,1.0,630,1960
405000.0,3.0,2.25,1520,3.0,0,2004
385000.0,4.0,2.75,2700,2.0,0,1984
285000.0,3.0,2.5,1660,2.0,0,2003
249900.0,3.0,2.0,1310,1.0,0,1990
633634.0,4.0,3.5,2960,2.0,0,2014
329900.0,3.0,2.5,2242,2.0,0,2011
310000.0,3.0,2.5,2540,2.0,0,2006
345000.0,3.0,1.5,1420,2.0,280,2008
160797.0,3.0,1.5,1270,2.0,0,2012
562500.0,3.0,2.25,1300,2.0,300,2006
664950.0,5.0,3.0,3190,1.0,1300,2013
515000.0,5.0,3.25,2910,2.0,870,2013
497000.0,3.0,2.25,1630,2.0,0,2005
312891.0,5.0,3.0,2300,2.0,0,2013
670000.0,3.0,2.5,3310,2.0,870,2008
362500.0,2.0,1.5,940,2.0,0,2009
402101.0,2.0,0.75,1020,2.0,0,2009
438000.0,3.0,1.75,1520,1.0,730,1948
687500.0,4.0,1.75,2330,1.5,820,1929
160000.0,3.0,1.5,1010,1.0,0,1962
415000.0,3.0,1.75,1070,1.0,0,1977
405000.0,3.0,2.5,3170,2.0,810,1995
880000.0,4.0,2.5,3030,3.0,0,2005
585000.0,3.0,2.5,2270,2.0,0,1998
640000.0,4.0,2.5,2341,2.0,0,1997
819000.0,3.0,3.5,2130,2.0,600,1908
520000.0,3.0,1.75,2300,1.0,0,1984
367500.0,3.0,1.0,1660,1.0,500,1978
762500.0,4.0,2.75,2610,1.0,850,1978
300000.0,3.0,1.0,2150,1.0,0,1954
625000.0,3.0,2.5,2410,1.0,590,1976
530000.0,2.0,1.5,1580,1.0,300,1941
379000.0,3.0,2.5,1740,2.0,0,1992
615000.0,2.0,1.0,1270,1.0,180,1949
660000.0,2.0,2.25,2550,2.0,690,1902
380000.0,3.0,2.25,1860,2.0,0,1963
314900.0,4.0,1.75,2700,1.0,1320,1958
324950.0,3.0,1.5,1460,1.0,0,1955
225000.0,3.0,1.75,1330,1.0,0,1968
535000.0,3.0,2.5,2070,2.0,0,1999
348500.0,3.0,1.5,1360,1.0,0,1966
725000.0,4.0,2.5,2650,2.0,0,1986
925000.0,4.0,3.0,3580,1.5,0,1985
549000.0,2.0,1.0,2034,1.0,875,1947
400000.0,3.0,2.0,1230,1.0,240,1984
620000.0,4.0,2.5,2450,2.0,0,1994
665000.0,6.0,2.75,2840,1.0,1420,1961
1215000.0,4.0,3.75,3820,1.0,0,1994
1157400.0,3.0,2.5,2740,2.0,0,1913
349950.0,4.0,2.5,2090,2.0,0,1989
339000.0,4.0,2.0,2470,1.5,500,1948
615000.0,3.0,1.75,1720,1.0,760,1924
751000.0,4.0,3.25,3090,2.0,720,2004
941000.0,4.0,1.75,2320,1.5,500,1926
600000.0,4.0,1.75,1740,1.0,0,1968
455000.0,4.0,2.5,2950,2.0,0,2005
1295648.0,0.0,0.0,4810,2.0,0,1990
485000.0,3.0,2.5,1500,1.0,600,1920
358000.0,3.0,1.5,1810,1.0,0,1969
339000.0,3.0,1.0,1100,1.0,380,1942
258000.0,3.0,1.0,1490,1.0,370,1969
455000.0,2.0,1.5,1200,2.0,200,2013
437000.0,4.0,2.5,1890,1.0,600,1980
689000.0,3.0,1.75,2200,1.0,700,1978
319000.0,4.0,2.5,2510,1.0,900,1978
510000.0,3.0,2.25,1420,3.0,0,2006
440000.0,3.0,1.75,2000,1.0,520,1957
1010000.0,2.0,2.0,1460,1.0,0,1900
875000.0,4.0,2.5,3220,2.0,0,1996
304000.0,4.0,2.0,1310,1.0,0,1953
139000.0,2.0,1.0,690,1.0,0,1942
464500.0,3.0,1.75,1150,1.0,0,1959
336500.0,3.0,1.0,1480,1.0,510,1963
230000.0,4.0,1.75,1850,1.0,580,1944
425000.0,3.0,2.5,1930,2.0,0,1990
300000.0,2.0,1.0,750,1.0,0,1941
457500.0,3.0,2.25,1430,2.0,450,1996
366000.0,3.0,1.75,1840,1.0,500,1977
502000.0,3.0,2.0,1300,1.0,0,1955
194000.0,3.0,1.0,1050,1.0,0,1983
305000.0,4.0,2.25,2210,2.0,0,1968
1250000.0,4.0,2.5,3220,1.0,1540,1973
575000.0,4.0,2.5,4620,2.0,0,1991
343500.0,4.0,1.75,1760,1.0,580,1950
325000.0,3.0,1.0,850,1.0,0,1948
600000.0,4.0,3.25,4690,2.0,1010,1995
850000.0,4.0,3.5,3920,2.0,0,1996
420000.0,3.0,2.5,2140,2.0,0,2005
257500.0,2.0,2.0,1180,1.0,0,1940
317000.0,5.0,2.5,2360,1.0,1180,1962
970000.0,3.0,2.25,3060,1.5,1250,1930
252000.0,3.0,2.25,1670,1.0,480,1977
683500.0,3.0,1.5,1820,1.5,180,1946
289000.0,3.0,2.5,1970,2.0,880,1988
355000.0,2.0,2.25,930,2.0,300,2007
675000.0,3.0,3.5,2300,1.0,0,2004
396500.0,3.0,2.5,2590,1.0,0,1976
362500.0,4.0,1.75,1450,1.0,0,1960
395000.0,4.0,1.75,1540,1.0,770,1943
599000.0,5.0,2.75,2730,1.0,650,1968
218000.0,3.0,1.0,880,1.0,0,1945
589950.0,4.0,2.5,3190,2.0,0,2006
218000.0,3.0,1.5,1330,1.0,0,1968
360000.0,3.0,1.75,1500,1.0,0,1957
350000.0,2.0,1.0,740,1.0,0,1922
350000.0,4.0,3.0,2560,2.0,0,2004
845000.0,3.0,2.0,2540,1.5,700,1930
839000.0,3.0,2.5,3200,1.0,0,2000
850000.0,4.0,3.0,3330,1.0,1540,1958
329950.0,2.0,1.0,900,1.0,0,1956
425000.0,4.0,1.5,1600,1.5,0,1946
210000.0,2.0,1.0,970,1.0,0,1956
631500.0,2.0,1.0,1130,1.0,0,1927
295000.0,2.0,1.0,650,1.0,0,1950
575000.0,3.0,2.25,2400,1.5,960,1926
415000.0,3.0,2.5,2280,2.0,0,2011
859000.0,4.0,2.25,3550,1.0,1720,2010
639888.0,4.0,2.5,2050,2.0,0,2012
329445.0,2.0,1.5,830,2.0,0,2005
745641.0,4.0,2.5,2440,2.0,0,2013
395000.0,3.0,2.5,1600,2.0,0,2007
790000.0,4.0,3.5,3190,2.0,0,2010
890000.0,4.0,1.0,2550,2.0,180,1905
400000.0,3.0,2.5,2180,1.0,760,1962
365500.0,3.0,2.0,1410,1.0,0,1983
245000.0,3.0,2.0,1410,1.0,0,1985
390000.0,4.0,2.5,2340,2.0,0,1993
196500.0,3.0,1.0,1320,1.0,0,1966
1200000.0,4.0,1.75,3990,2.0,0,2006
276900.0,3.0,1.0,1270,1.0,0,1958
995000.0,3.0,4.5,4380,2.0,660,1968
505000.0,3.0,2.5,1860,2.0,0,1987
1229000.0,4.0,3.5,3770,2.0,940,1989
352000.0,4.0,1.0,1530,1.0,550,1925
597326.0,4.0,4.0,3570,2.0,710,2013
800000.0,2.0,1.0,1740,1.0,0,1955
270000.0,3.0,2.5,1670,1.0,370,1990
235000.0,4.0,2.0,1570,2.0,0,1984
409900.0,2.0,2.5,1590,2.0,0,1997
739900.0,5.0,2.5,2980,2.0,0,2006
608000.0,4.0,2.5,2690,2.0,0,2001
381500.0,2.0,1.0,900,1.0,0,1924
562100.0,2.0,0.75,1440,1.0,240,1914
740000.0,4.0,2.5,3000,2.0,0,1995
308000.0,3.0,1.0,1640,1.5,0,1942
905000.0,5.0,3.5,3100,1.0,1440,1970
762000.0,4.0,3.5,4000,2.0,0,2007
356000.0,4.0,2.0,2020,1.5,0,1949
750000.0,3.0,1.5,1840,1.5,500,1915
418800.0,4.0,2.25,2100,1.0,810,1973
276000.0,4.0,2.25,2460,1.0,0,1959
725000.0,3.0,2.5,2610,2.0,0,1996
285000.0,3.0,2.0,1460,1.0,0,1995
205000.0,3.0,1.0,1050,1.0,0,1958
583000.0,3.0,2.5,1790,2.0,0,1989
657000.0,4.0,2.5,2180,1.5,760,1926
386000.0,4.0,2.25,2050,2.0,280,1965
589950.0,5.0,3.0,2790,1.0,1290,1973
575000.0,3.0,2.25,1700,1.5,600,1924
574000.0,3.0,2.5,2380,2.0,0,2002
690500.0,5.0,2.0,2000,1.5,720,1908
565000.0,2.0,1.75,1670,1.0,0,2005
500000.0,3.0,1.5,1190,1.0,220,1940
330000.0,6.0,2.25,3040,1.0,1150,1951
286000.0,2.0,1.0,780,1.0,0,1930
450000.0,3.0,1.5,2330,1.0,1000,1954
870000.0,4.0,2.75,2840,1.5,880,1912
725000.0,4.0,2.5,2490,2.0,0,2000
275000.0,2.0,1.0,770,1.0,0,1927
645000.0,3.0,2.75,1850,1.0,0,1953
152000.0,3.0,1.0,1090,1.0,0,1969
315000.0,4.0,2.0,1780,1.5,850,1918
190000.0,1.0,0.75,930,1.0,0,1941
700000.0,4.0,2.5,2770,2.0,0,2004
233000.0,3.0,1.0,1250,1.5,0,1955
249000.0,4.0,2.25,1830,2.0,0,1990
310000.0,2.0,1.0,870,1.0,0,1950
265950.0,3.0,1.5,1150,1.0,0,1951
860000.0,5.0,3.25,4500,2.0,1500,1968
200000.0,3.0,1.0,1150,1.5,0,1938
402000.0,4.0,2.25,2000,2.0,350,1926
305000.0,6.0,2.0,1900,1.0,700,1964
505000.0,3.0,1.75,1640,1.0,0,1975
1355000.0,3.0,1.5,2680,2.0,800,1913
482000.0,3.0,2.5,2420,2.0,0,1998
299950.0,3.0,1.75,1790,1.0,0,1978
770000.0,4.0,2.5,3920,2.0,0,1997
245700.0,3.0,2.25,1640,1.0,460,1968
283000.0,3.0,1.0,890,1.0,0,1954
650000.0,4.0,2.75,1910,1.0,490,1940
530000.0,5.0,2.25,2140,1.0,1070,1962
440000.0,3.0,1.75,2030,1.0,0,1953
1005000.0,4.0,4.5,4225,2.0,0,1985
599990.0,3.0,2.25,2680,1.0,1110,1978
544000.0,4.0,2.5,2030,2.0,0,1994
270000.0,2.0,1.0,2060,1.0,800,1962
435000.0,2.0,1.0,1060,1.5,0,1943
349000.0,3.0,1.0,1010,1.0,0,1947
1140000.0,4.0,2.25,3310,2.0,0,1924
320000.0,4.0,2.5,2000,2.0,0,1997
804100.0,4.0,2.5,3070,2.0,0,2005
594000.0,3.0,2.25,1270,2.0,210,2014
531500.0,4.0,2.75,3110,1.0,0,1958
1150000.0,3.0,2.0,2110,2.0,0,1979
374500.0,3.0,2.25,1400,2.0,0,1984
450000.0,4.0,2.75,2310,1.0,980,1952
744500.0,5.0,2.5,2700,1.0,950,1967
913888.0,5.0,2.25,2370,2.0,0,1981
760000.0,4.0,2.5,2760,2.0,530,1942
346500.0,2.0,1.75,1610,1.0,600,1941
280000.0,3.0,1.75,1230,1.0,0,1966
557500.0,3.0,1.75,1900,1.0,0,1959
260000.0,3.0,1.5,1580,1.0,440,1954
1330000.0,3.0,1.5,1940,1.5,0,1900
640000.0,3.0,1.75,1620,1.0,580,1947
280000.0,7.0,2.5,1940,2.0,0,1994
205000.0,3.0,1.0,1230,1.0,0,1965
957000.0,5.0,3.25,3160,2.0,980,2005
625000.0,5.0,2.5,2700,1.0,750,1955
680000.0,4.0,1.5,1880,1.0,440,1954
150000.0,2.0,1.0,890,1.0,0,1942
255950.0,3.0,2.5,1720,2.0,0,1992
246500.0,3.0,2.5,1620,2.0,0,1989
450000.0,2.0,1.0,1380,1.0,500,1931
595888.0,3.0,1.75,1870,1.0,0,1958
454000.0,3.0,1.0,1970,1.0,0,1970
299900.0,3.0,1.0,1110,1.0,0,1979
200000.0,3.0,2.0,1190,1.0,0,1995
346500.0,3.0,1.0,1150,1.0,0,1932
585000.0,4.0,2.75,2890,1.0,1330,1973
383000.0,3.0,1.75,1500,1.0,0,1977
519000.0,4.0,2.5,1950,1.5,700,1910
410000.0,3.0,1.5,1250,1.0,0,1968
578000.0,4.0,2.5,2070,2.0,0,1996
1280000.0,4.0,3.5,4660,2.0,0,2003
395000.0,2.0,2.25,1350,2.0,300,2007
364000.0,3.0,2.5,1800,2.0,0,2011
240000.0,3.0,2.25,1481,2.0,0,2012
328423.0,3.0,2.5,1730,2.0,0,2014
594000.0,4.0,2.75,2720,2.0,0,2005
425000.0,3.0,2.5,2320,3.0,0,2009
309620.0,3.0,2.5,1860,2.0,0,2012
260000.0,5.0,2.5,2025,2.0,0,2007
563500.0,3.0,2.5,1400,3.5,0,2007
975000.0,5.0,3.0,2620,2.0,0,2009
937000.0,3.0,1.75,2450,2.0,700,1915
518500.0,3.0,3.5,1590,3.0,0,2010
563500.0,4.0,1.75,2085,1.0,475,1964
1050000.0,4.0,3.5,3450,2.0,0,2007
350000.0,3.0,2.25,1780,2.0,0,1987
826000.0,4.0,2.5,3060,2.0,0,2006
225000.0,3.0,2.0,1700,1.0,730,1945
235867.0,4.0,2.0,1330,1.0,0,1942
399000.0,4.0,3.0,3060,2.0,0,2001
177500.0,3.0,1.5,1220,1.0,0,1968
224000.0,4.0,1.5,1600,1.0,0,1959
302000.0,4.0,1.75,1530,1.5,0,1968
760000.0,3.0,2.5,1980,1.0,0,1959
460000.0,3.0,2.5,1730,1.0,520,1969
415000.0,3.0,1.0,1170,1.0,0,1957
669000.0,2.0,1.75,1950,1.0,790,1952
254600.0,3.0,2.0,1470,1.0,0,1968
357250.0,3.0,1.5,1400,1.0,0,1952
910000.0,4.0,3.5,4040,2.0,0,1987
725000.0,6.0,3.0,3110,1.5,1300,1921
670000.0,3.0,1.5,1490,1.5,0,1906
440000.0,4.0,1.5,1770,2.0,0,1947
1025000.0,4.0,3.5,3320,1.0,1280,1977
320000.0,2.0,1.0,950,1.0,0,1948
310000.0,4.0,2.5,2430,2.0,0,2002
772650.0,4.0,2.5,2660,1.0,0,1955
669950.0,4.0,2.5,2670,2.0,0,1996
690000.0,5.0,3.5,2720,2.0,860,1993
385000.0,4.0,2.5,3200,1.0,1590,1970
663000.0,3.0,2.5,2480,1.5,0,1974
300000.0,3.0,2.25,1780,1.0,0,1967
225500.0,2.0,1.75,1590,1.0,0,1972
320000.0,3.0,2.0,1550,1.5,0,1999
775000.0,3.0,2.75,2850,1.0,930,1976
805000.0,3.0,2.75,2600,1.5,1000,1929
252750.0,4.0,1.0,1230,1.5,0,1944
254000.0,5.0,2.0,2080,1.0,340,1959
620000.0,6.0,3.5,3600,2.0,860,2004
435000.0,4.0,2.75,2110,1.0,600,1962
460000.0,4.0,2.5,2550,1.0,1250,1961
268000.0,3.0,2.5,1650,2.0,0,1991
446000.0,2.0,1.5,1370,2.0,290,2008
285000.0,2.0,1.0,1010,1.0,0,1975
530000.0,3.0,2.0,2330,2.5,0,1987
402000.0,2.0,1.0,620,1.0,0,1911
358000.0,3.0,1.5,2450,1.0,0,1967
354950.0,4.0,2.75,2530,1.0,1250,1977
405000.0,4.0,2.5,2220,2.0,0,2001
568000.0,4.0,1.75,2110,1.0,0,1979
575000.0,5.0,3.0,3690,1.0,1000,1960
315000.0,4.0,2.5,1940,1.0,800,1977
280927.0,4.0,2.25,2070,2.0,0,1977
440000.0,4.0,2.5,2160,1.0,770,1976
270000.0,4.0,2.25,2600,1.0,1000,1965
755000.0,4.0,2.75,2880,1.5,780,1912
289659.0,4.0,2.25,2260,2.0,0,1984
555000.0,5.0,3.0,3640,2.0,0,2004
450000.0,3.0,1.5,1530,1.0,0,1952
1145000.0,3.0,2.5,2490,2.0,820,1918
495000.0,3.0,1.75,1440,1.0,0,1983
1250000.0,3.0,3.0,3760,2.5,700,1910
580000.0,4.0,1.75,1720,1.0,300,1975
560000.0,4.0,2.5,2480,1.0,970,1959
1080000.0,4.0,3.5,3990,2.0,0,2008
450000.0,2.0,1.75,840,1.0,140,1912
815000.0,3.0,2.0,2270,1.0,0,1968
354000.0,4.0,2.5,2580,2.0,0,2005
279900.0,3.0,1.75,1580,1.0,0,1988
339000.0,2.0,1.0,950,1.0,0,1941
1340000.0,4.0,3.5,3190,2.0,1030,2003
710000.0,3.0,3.25,3740,2.5,640,1990
815000.0,4.0,2.75,2620,1.0,1310,1949
800000.0,3.0,1.75,2080,1.0,0,1958
638000.0,3.0,2.0,1660,1.0,690,1922
475580.0,3.0,1.75,1520,1.0,0,1983
243800.0,3.0,1.0,1140,1.0,0,1981
600000.0,3.0,2.5,3240,2.0,330,2004
620000.0,3.0,2.0,2460,1.0,0,1988
750000.0,4.0,2.75,1750,1.5,0,1903
626000.0,3.0,1.75,2430,2.0,670,1945
230000.0,3.0,1.0,1060,1.0,0,1956
537000.0,3.0,3.0,2410,2.0,0,1942
210000.0,2.0,1.0,720,1.0,0,1943
200500.0,3.0,1.75,1260,1.0,0,1963
253500.0,3.0,1.0,1640,1.0,550,1954
150000.0,3.0,1.0,1310,1.0,350,1962
440000.0,3.0,1.5,2120,1.0,900,1949
667000.0,3.0,1.75,3320,1.5,1060,1933
660000.0,3.0,1.0,1210,1.0,0,1955
695000.0,3.0,2.75,2590,2.0,0,1993
440000.0,4.0,2.5,2250,2.0,0,1989
1388000.0,4.0,3.0,4040,1.0,2020,1972
219500.0,3.0,1.0,1090,1.5,0,1912
220000.0,3.0,1.5,1660,2.0,0,1981
270000.0,2.0,1.0,1780,1.0,0,1954
900000.0,4.0,3.5,3370,2.0,900,2008
800000.0,4.0,2.5,2990,2.0,0,1990
365000.0,5.0,2.0,2280,1.5,0,1924
1387800.0,3.0,3.0,2480,2.0,750,1950
451000.0,5.0,2.75,2830,1.5,0,1967
202000.0,2.0,1.0,920,1.0,0,1950
1410000.0,4.0,2.25,3250,2.0,0,1979
471000.0,2.0,1.75,1240,1.0,0,1924
827000.0,4.0,2.5,3230,1.0,1360,1977
235000.0,5.0,2.5,2500,1.0,1200,1979
216500.0,2.0,1.75,1390,1.0,0,1980
359000.0,5.0,1.75,1940,1.5,0,1953
252500.0,3.0,2.0,1900,1.0,0,1991
370000.0,3.0,1.5,2380,1.0,530,1961
663000.0,3.0,2.0,1480,1.0,620,1928
971971.0,4.0,3.75,3460,2.0,0,2013
420000.0,3.0,1.75,1444,1.5,0,2008
330675.0,4.0,3.0,1930,1.0,730,2006
240000.0,4.0,1.0,1200,1.5,0,1933
334888.0,3.0,2.5,1769,2.0,0,2012
414000.0,3.0,2.5,2490,2.5,0,2012
782900.0,4.0,3.25,3060,2.0,760,2014
525000.0,4.0,2.75,3030,2.0,0,2011
429900.0,3.0,2.5,2370,2.0,0,2009
390000.0,3.0,3.25,1370,2.0,270,2006
224000.0,3.0,1.75,1500,1.0,0,2014
257500.0,3.0,2.25,1715,2.0,0,1995
665000.0,2.0,1.0,1110,1.0,0,1925
327000.0,5.0,2.75,2400,2.0,0,1998
425000.0,3.0,1.0,1520,1.5,0,1988
687500.0,4.0,2.75,3190,2.0,0,1994
672500.0,3.0,2.25,2400,1.5,1150,1939
140000.0,3.0,1.0,1060,1.0,0,1959
215500.0,2.0,1.75,1220,1.0,0,1972
464900.0,4.0,2.25,2020,1.0,640,1979
417000.0,4.0,2.25,2300,1.0,920,1959
453000.0,4.0,2.75,2300,1.0,750,1979
700000.0,3.0,2.5,1660,2.0,260,2002
259500.0,3.0,1.75,1650,1.0,0,1957
460000.0,4.0,2.5,2110,1.0,820,1985
561500.0,3.0,1.75,1960,1.0,980,1939
641000.0,4.0,2.5,2770,2.0,0,1997
330000.0,4.0,1.75,2440,1.0,830,1978
447000.0,2.0,1.0,1320,1.0,0,1953
320000.0,4.0,2.5,2570,2.0,0,2005
212700.0,2.0,1.0,940,1.0,0,1926
260000.0,2.0,1.0,700,1.0,0,1922
410000.0,3.0,2.0,1400,2.0,0,1981
355000.0,4.0,2.5,1890,2.0,0,1996
275500.0,2.0,1.0,720,1.0,0,1951
415000.0,3.0,1.75,2410,1.0,550,1967
279000.0,3.0,2.5,1630,1.0,310,1985
350000.0,5.0,1.75,2330,1.0,1150,1968
355000.0,2.0,2.25,1330,2.0,0,1985
750000.0,4.0,2.25,3190,2.0,890,1984
235000.0,3.0,1.75,1400,1.0,0,1998
209950.0,3.0,1.0,970,1.0,0,1967
230000.0,3.0,1.75,1010,1.0,0,1969
725000.0,3.0,2.5,3580,1.5,0,1990
430000.0,2.0,1.0,1050,1.0,200,1927
661500.0,5.0,2.5,2500,1.0,1010,1977
738000.0,3.0,3.0,2630,2.0,0,2006
221000.0,3.0,1.0,910,1.0,0,1966
665000.0,3.0,2.5,2610,2.0,0,1988
255000.0,3.0,2.5,1720,2.0,0,1998
1195000.0,5.0,2.75,3650,2.0,900,1969
355000.0,3.0,1.75,2040,1.0,0,1980
755000.0,5.0,2.5,3260,1.5,950,1950
300000.0,3.0,1.5,1590,1.0,0,1956
500000.0,4.0,1.0,1440,1.5,0,1906
191000.0,2.0,1.0,900,1.0,0,1905
315000.0,6.0,4.0,3120,2.0,1030,1993
415000.0,3.0,2.5,1060,2.0,0,2000
394000.0,4.0,2.5,3000,2.0,0,2002
490000.0,3.0,2.5,2230,2.0,0,2000
523460.0,5.0,1.75,1890,1.5,800,1906
550000.0,4.0,3.5,4150,2.0,0,2006
342000.0,3.0,1.75,1780,1.0,500,1981
560000.0,4.0,2.5,2710,2.0,0,2003
1050000.0,4.0,4.25,4390,2.0,1070,2003
710000.0,2.0,1.5,1640,1.5,100,1916
1020000.0,3.0,2.25,1670,1.5,0,1903
399950.0,3.0,2.5,2570,2.0,0,1989
480000.0,2.0,1.0,1500,1.0,0,1902
410000.0,3.0,1.0,2710,2.0,0,1950
530000.0,4.0,1.75,2860,1.0,1150,1978
528000.0,2.0,0.75,840,1.0,0,1937
469900.0,4.0,2.5,2990,2.0,0,1991
397000.0,5.0,1.0,1170,1.0,370,1944
718500.0,3.0,1.5,1200,1.0,170,1952
195000.0,2.0,1.0,1020,1.0,0,1940
285000.0,2.0,1.0,910,1.0,0,1948
295000.0,1.0,1.0,700,1.0,0,1907
602000.0,4.0,1.75,2420,1.0,540,1981
235000.0,3.0,1.75,1950,1.0,0,1960
465000.0,4.0,2.5,3060,2.0,0,2012
234000.0,4.0,1.0,1390,1.0,0,1955
504200.0,2.0,1.5,1200,3.0,0,2008
710000.0,3.0,2.5,2440,2.0,0,2003
589500.0,3.0,3.25,2310,2.0,580,2005
415000.0,3.0,2.75,2600,1.5,0,2009
735000.0,3.0,2.25,1490,2.0,450,2011
427000.0,3.0,2.5,2432,2.0,0,2005
982000.0,4.0,2.75,3610,2.0,0,2014
459000.0,4.0,3.0,2530,2.0,0,2013
483453.0,4.0,2.75,2790,2.0,0,2014
246950.0,3.0,3.0,1670,1.0,0,2014
235000.0,1.0,1.5,1170,2.0,100,2007
288790.0,4.0,2.0,1350,3.0,0,2008
229800.0,2.0,1.75,1110,2.0,0,2014
516500.0,1.0,1.25,1100,3.0,0,2014
234000.0,3.0,1.0,1040,1.0,0,1983
230000.0,2.0,1.75,1910,2.0,0,1980
300000.0,4.0,1.0,1370,1.0,0,1949
470000.0,3.0,1.5,1500,1.5,360,1927
339900.0,3.0,1.0,1200,1.0,0,1969
650000.0,2.0,1.0,1050,1.0,170,1904
585000.0,5.0,2.5,2670,1.5,1050,1920
699900.0,4.0,2.5,2190,1.0,760,1972
598000.0,4.0,2.5,3130,2.0,0,1994
475000.0,3.0,2.5,1700,1.0,540,1998
314500.0,3.0,1.75,1700,1.0,500,1978
397000.0,3.0,3.5,1360,2.0,120,2007
345000.0,3.0,2.0,1610,1.0,0,1986
325000.0,5.0,2.75,2130,1.0,830,1991
265000.0,3.0,1.0,1800,1.0,0,1957
402000.0,4.0,2.75,2950,1.0,830,1974
835000.0,3.0,2.25,2120,2.0,0,1964
780000.0,4.0,2.5,3500,2.0,0,2005
250000.0,3.0,2.0,1440,1.0,0,1965
1200000.0,4.0,2.0,2120,2.0,0,1905
935000.0,2.0,2.5,1780,2.0,0,1974
300000.0,2.0,1.0,960,1.0,0,1947
419000.0,2.0,1.75,1510,1.0,0,2006
410000.0,1.0,1.5,1010,1.0,0,1911
1165000.0,3.0,3.0,3790,2.0,980,1989
461000.0,3.0,1.75,3600,2.0,1200,1948
385000.0,3.0,1.75,1300,1.0,0,1968
669500.0,4.0,2.25,2500,1.5,980,1940
491950.0,3.0,2.25,2090,1.0,650,1958
1230000.0,3.0,1.75,2200,1.5,0,1948
560000.0,3.0,2.25,2070,1.5,0,1955
370000.0,3.0,1.0,1320,1.0,0,1982
263400.0,4.0,2.0,1360,1.0,400,1960
100000.0,2.0,1.0,930,1.0,0,1942
289950.0,3.0,2.5,1760,1.5,0,1937
263000.0,3.0,1.75,1410,2.0,0,1985
397500.0,4.0,2.5,2570,2.0,0,1992
245000.0,3.0,2.75,1300,1.0,440,1996
535000.0,3.0,1.0,1580,1.0,400,1925
449000.0,4.0,2.5,2960,2.0,0,2005
490000.0,4.0,3.0,2330,2.0,410,2003
445800.0,4.0,2.25,2070,1.0,600,1977
345000.0,2.0,1.0,970,1.0,0,1932
327500.0,3.0,2.25,2310,2.0,0,1990
436500.0,4.0,2.5,2290,2.0,0,1988
550000.0,3.0,2.25,1720,1.0,500,1967
441000.0,2.0,1.5,1190,1.0,200,1919
406500.0,2.0,1.0,870,1.0,0,1947
243000.0,2.0,1.5,1068,2.0,0,1990
359500.0,4.0,2.75,2140,2.0,0,1993
760000.0,4.0,2.5,3300,2.0,0,1984
408000.0,5.0,3.25,2820,1.5,500,1906
480000.0,4.0,3.0,2440,2.0,550,1981
875000.0,4.0,1.5,1800,1.5,0,1929
308000.0,3.0,1.0,1010,1.0,0,1954
880000.0,4.0,2.75,3220,1.5,900,1931
170000.0,2.0,1.0,1200,2.0,0,1976
491500.0,3.0,2.25,1470,2.0,0,1985
515000.0,3.0,2.5,2600,2.0,0,2003
550000.0,4.0,1.5,2750,1.0,1250,1958
255000.0,2.0,1.0,1320,1.0,380,1919
635000.0,3.0,2.5,3350,2.0,800,2005
850000.0,3.0,2.5,2650,2.0,820,1920
265000.0,2.0,2.0,1860,1.0,600,1952
349810.0,3.0,1.0,960,1.0,0,1958
972000.0,4.0,1.75,2010,1.0,400,1937
235000.0,2.0,1.0,900,1.0,0,1928
330000.0,4.0,2.5,2340,2.0,0,1997
500000.0,4.0,3.0,3720,3.0,0,1979
570000.0,3.0,2.0,1890,1.0,420,1949
1309500.0,4.0,2.5,2680,1.0,1090,1956
544000.0,3.0,2.5,1460,2.0,280,2007
439000.0,3.0,2.5,3180,1.0,1370,2006
530000.0,4.0,2.25,1980,2.0,0,1981
427500.0,2.0,2.0,1090,3.0,0,2008
337000.0,4.0,2.5,2230,2.0,0,2002
1095000.0,4.0,2.75,3330,2.0,0,1995
435000.0,4.0,2.0,1880,1.0,910,1904
765000.0,5.0,3.0,2870,1.0,920,1964
492650.0,4.0,1.75,2120,1.0,480,1967
383962.0,4.0,2.5,2700,2.0,0,2001
950000.0,4.0,2.5,3670,2.5,0,2007
457000.0,3.0,2.5,1220,2.0,210,2008
882566.0,4.0,2.5,3560,3.0,0,2014
963000.0,4.0,3.25,3530,2.0,0,2007
345000.0,4.0,2.5,2280,2.0,0,2006
800000.0,3.0,3.5,3830,2.0,300,1993
314500.0,3.0,2.0,2050,1.0,0,1993
530000.0,3.0,2.5,3660,2.0,400,1989
650000.0,4.0,2.5,3350,2.0,0,2004
349500.0,3.0,2.0,1270,1.0,0,1963
1198000.0,4.0,3.5,3400,2.5,610,2008
165050.0,3.0,1.0,1200,1.0,0,1959
580000.0,3.0,2.5,2200,2.0,0,1978
330000.0,3.0,2.5,1680,1.0,600,1959
875000.0,5.0,3.5,3840,2.0,0,2001
500000.0,2.0,1.0,950,1.0,100,1926
445000.0,4.0,2.5,2280,2.0,0,1994
274900.0,4.0,2.5,1970,2.0,0,1987
219950.0,3.0,1.5,1620,1.0,0,1967
691500.0,4.0,2.5,2600,2.0,0,1962
459500.0,2.0,1.0,1250,1.0,400,1929
955500.0,4.0,1.75,2130,1.5,0,1914
328950.0,4.0,1.75,2550,1.0,1250,1978
307000.0,3.0,1.0,1150,1.5,0,1927
382500.0,3.0,1.75,1040,1.0,0,1967
1150000.0,4.0,2.5,3340,2.0,0,1996
1297000.0,6.0,2.75,2630,2.0,120,1900
478000.0,3.0,2.25,1640,2.0,0,1994
260000.0,2.0,1.0,770,1.0,0,1948
850000.0,4.0,3.25,4350,1.0,2150,2006
616000.0,4.0,1.75,1700,1.0,0,1957
540000.0,3.0,1.75,2050,1.0,650,1984
300000.0,3.0,2.25,1660,2.0,0,2001
507500.0,3.0,1.75,1990,1.0,800,1977
241000.0,3.0,2.0,1770,1.0,0,1986
485000.0,3.0,2.25,2440,2.0,350,1991
695000.0,3.0,2.5,2620,2.0,0,1998
548000.0,4.0,2.5,2440,2.0,0,1994
345000.0,2.0,1.0,1080,1.0,0,1955
280000.0,3.0,1.0,1090,1.0,0,1962
450000.0,3.0,1.75,1400,1.0,0,1963
515000.0,3.0,2.5,2010,2.0,0,1994
1014250.0,3.0,1.0,1640,1.5,140,1920
739900.0,5.0,2.5,3290,2.0,0,2004
600000.0,2.0,2.5,2510,2.0,0,1990
370000.0,2.0,1.0,860,1.0,0,1952
729032.0,4.0,2.5,2840,1.0,1060,1977
510000.0,3.0,1.75,1750,2.0,0,1934
425000.0,3.0,1.5,1300,1.0,0,1964
1080000.0,3.0,2.75,3890,2.0,630,1967
337000.0,3.0,2.25,1460,3.0,0,2006
563000.0,4.0,1.0,1410,1.5,0,1911
245000.0,3.0,2.0,1190,1.5,0,1907
590000.0,3.0,2.0,1410,1.0,500,1947
695000.0,3.0,2.0,2500,1.5,820,1922
402500.0,2.0,1.0,800,1.0,0,1946
435000.0,3.0,2.5,2530,2.0,0,1993
660000.0,3.0,2.0,2570,1.0,600,1983
300000.0,3.0,2.75,2090,1.0,750,1987
600000.0,5.0,2.25,2980,1.0,1400,1960
205000.0,3.0,1.75,1170,1.0,0,1981
357500.0,3.0,3.5,2080,2.0,0,2004
1110000.0,5.0,3.25,3350,2.0,840,1997
332888.0,2.0,2.5,1050,2.0,100,2007
174000.0,2.0,1.0,900,1.0,0,1979
515000.0,2.0,1.0,1050,1.0,0,1907
392000.0,5.0,2.25,3740,1.5,1500,1958
485000.0,4.0,1.75,1430,2.0,0,1900
217500.0,3.0,1.75,1400,1.0,0,1984
502000.0,3.0,2.25,1600,2.0,0,1983
820000.0,3.0,2.25,2880,2.0,0,1989
102500.0,2.0,1.0,820,1.0,0,1937
925000.0,5.0,5.5,5190,2.0,0,2001
540000.0,4.0,2.5,2180,1.0,1000,1968
600000.0,2.0,1.0,910,1.5,0,1900
406000.0,4.0,1.0,1580,1.5,0,1928
620000.0,4.0,3.0,2130,1.0,690,1948
1060000.0,4.0,2.5,4570,2.0,0,1990
401000.0,3.0,2.0,1240,1.0,240,1984
725000.0,3.0,1.75,1860,2.0,0,1959
276000.0,1.0,0.75,370,1.0,0,1923
500000.0,5.0,3.25,3130,2.0,950,1975
375000.0,3.0,1.75,2530,1.0,730,1977
260000.0,3.0,2.25,1920,1.0,620,1961
431000.0,4.0,2.5,2300,2.0,0,2001
321000.0,4.0,2.5,1830,2.0,0,2003
433000.0,4.0,1.5,1550,1.0,370,1963
920000.0,4.0,3.5,4080,2.0,0,2005
482000.0,3.0,2.25,1710,2.0,0,1989
712000.0,3.0,2.5,2375,2.0,0,2002
505000.0,4.0,2.75,2200,1.0,1100,1962
452000.0,3.0,1.75,1110,1.0,0,1966
581000.0,4.0,1.0,1630,1.5,0,1921
952500.0,4.0,1.5,2550,2.0,0,1910
808000.0,4.0,2.25,2500,2.0,0,1987
476000.0,4.0,3.0,2890,1.0,1300,1945
535000.0,4.0,1.75,1420,1.5,0,1945
1356925.0,4.0,3.5,4270,2.0,1100,1937
629800.0,3.0,2.5,2390,2.0,170,2008
417838.0,4.0,2.5,2530,2.0,0,2014
399895.0,4.0,2.5,2701,2.0,0,2014
825000.0,4.0,2.75,3990,2.0,0,2003
300000.0,4.0,2.5,2303,2.0,0,2006
640000.0,2.0,2.25,1540,3.0,0,2007
460000.0,3.0,2.5,1450,2.0,510,2008
525000.0,2.0,2.5,1160,2.0,120,2012
499990.0,4.0,2.75,2910,2.0,0,2013
1020000.0,4.0,3.5,3770,2.0,0,2008
675000.0,5.0,2.25,2900,1.0,1450,1985
512031.0,3.0,1.75,1540,1.0,770,1920
310000.0,2.0,1.0,700,1.0,0,1918
1075000.0,3.0,2.5,3280,1.0,1600,1970
255000.0,4.0,2.0,2430,1.0,1000,1960
435000.0,3.0,2.5,1900,2.0,0,1993
453000.0,3.0,2.0,1660,1.0,400,1983
260000.0,4.0,2.0,1620,2.0,0,1975
659000.0,4.0,2.0,2090,1.0,0,1951
223000.0,3.0,2.0,1110,1.0,0,1991
851000.0,5.0,3.25,3760,2.0,1210,1984
605000.0,3.0,2.25,2080,1.0,550,1973
895000.0,4.0,2.25,1950,1.0,620,1947
519000.0,5.0,2.25,2570,1.0,1100,1950
535000.0,3.0,1.75,2330,1.0,940,1983
489000.0,3.0,3.0,3700,2.0,0,1982
250000.0,3.0,2.25,1920,1.0,400,1965
580000.0,3.0,2.25,1900,1.5,700,1905
1038000.0,4.0,1.75,1440,1.0,0,1967
605000.0,4.0,2.25,2940,1.0,1420,1961
599950.0,4.0,3.5,2500,2.0,690,2008
700000.0,3.0,2.5,2490,2.0,0,1993
480000.0,3.0,2.0,1470,1.0,0,1956
329950.0,4.0,2.5,2120,2.0,0,2002
250000.0,3.0,1.75,1200,1.0,0,1984
345000.0,5.0,2.5,2450,2.0,0,2002
175000.0,4.0,2.5,1780,2.0,0,1991
185000.0,5.0,1.0,1590,1.5,500,1942
411000.0,4.0,2.0,2370,2.0,0,1978
690000.0,3.0,1.5,1760,2.0,0,1922
265000.0,4.0,3.0,1940,1.0,0,1948
720000.0,4.0,3.0,3550,1.5,1370,1990
256000.0,4.0,2.5,2050,2.0,0,2002
255000.0,4.0,2.25,1680,2.0,0,2002
540000.0,3.0,2.25,1320,2.0,0,1994
481015.0,3.0,2.25,1550,2.0,0,1987
575000.0,3.0,1.75,2680,1.0,1090,1974
339950.0,3.0,2.5,2390,1.0,550,1984
475000.0,4.0,2.5,2040,2.0,0,1963
732000.0,3.0,3.75,2670,2.5,650,1977
860000.0,4.0,1.75,1880,1.5,0,1924
389000.0,4.0,1.75,2400,1.5,900,1927
645000.0,3.0,1.75,2270,1.0,900,1956
475000.0,4.0,2.5,1850,2.0,0,1981
550000.0,4.0,2.75,2160,1.0,730,1987
305000.0,2.0,1.0,2160,1.0,800,1968
782000.0,2.0,1.5,1570,1.5,250,1906
545000.0,3.0,2.0,1340,1.5,0,1923
394500.0,4.0,2.5,3002,2.0,0,2004
600000.0,5.0,2.0,2190,1.0,1080,1965
1300000.0,4.0,1.75,2610,1.0,0,1966
300000.0,2.0,1.0,1010,1.0,0,1947
330000.0,4.0,2.5,2105,2.0,0,2003
723000.0,4.0,2.25,2430,1.5,800,1928
480000.0,5.0,2.5,2160,2.0,0,1998
496000.0,2.0,1.0,900,1.0,0,1946
625000.0,3.0,3.0,1820,3.0,280,2006
475000.0,4.0,2.0,2100,1.0,1050,1962
275250.0,3.0,2.25,1520,2.0,0,1992
253000.0,2.0,1.0,1310,1.0,370,1980
630000.0,4.0,2.5,2190,1.0,780,1979
660500.0,5.0,2.5,2950,1.5,1230,1918
262000.0,5.0,1.0,1870,1.0,290,1962
552000.0,3.0,2.5,1840,1.0,0,1978
1411600.0,2.0,2.5,3180,2.0,570,1985
736000.0,2.0,1.0,1500,1.0,400,1933
355000.0,3.0,1.75,1730,1.5,0,1954
305000.0,3.0,1.0,1580,1.0,570,1962
484998.0,4.0,2.5,1540,2.0,0,2014
1054690.0,4.0,3.5,3390,2.0,780,2014
334500.0,2.0,1.5,830,2.0,0,2005
475000.0,4.0,2.75,2620,2.0,0,2013
309780.0,3.0,2.5,2242,2.0,0,2014
795000.0,4.0,2.5,2890,2.0,0,2005
274500.0,3.0,2.25,1450,2.0,0,2010
265050.0,2.0,1.5,800,2.0,0,2008
567500.0,3.0,2.5,2280,2.0,400,2006
915000.0,3.0,4.5,3850,2.0,730,2013
285000.0,5.0,2.5,2270,2.0,0,1995
445838.0,3.0,2.5,2250,2.0,0,2000
304900.0,4.0,1.75,2600,1.0,990,1969
940000.0,4.0,2.0,2490,2.0,0,1968
1127000.0,4.0,2.5,3160,2.0,0,1995
835000.0,4.0,4.25,4930,2.0,0,2005
290000.0,3.0,1.0,1440,1.0,0,1967
250000.0,3.0,1.75,1770,1.0,0,1959
342000.0,4.0,2.5,2300,2.0,0,2001
1012000.0,4.0,2.5,2980,2.0,0,1989
400000.0,4.0,2.25,2230,1.0,930,1963
312500.0,3.0,1.75,1830,1.0,900,1950
267000.0,3.0,1.0,1740,1.0,720,1962
575000.0,3.0,1.75,1530,1.0,120,1955
810000.0,3.0,1.5,1520,1.0,0,1954
850000.0,3.0,2.5,3230,2.0,800,1945
1015000.0,3.0,3.25,3620,2.0,890,2005
1100000.0,4.0,3.75,5070,2.0,0,2000
240000.0,3.0,1.75,1570,1.0,0,1960
198000.0,4.0,1.75,2080,1.0,1030,1966
565000.0,4.0,2.5,2230,1.0,800,1969
1195000.0,5.0,3.0,3420,2.0,880,1952
340000.0,8.0,2.75,2790,1.0,1320,1977
815000.0,4.0,2.5,3150,2.0,0,2002
588000.0,5.0,3.0,2190,2.0,700,1940
280500.0,4.0,2.5,1890,2.0,0,1997
390000.0,4.0,2.0,1900,1.0,0,2004
509000.0,2.0,1.5,1930,2.0,0,1989
490600.0,3.0,2.5,3316,2.0,0,1986
650000.0,3.0,1.5,1380,1.0,0,1960
715000.0,3.0,4.0,2080,3.0,0,1997
529950.0,3.0,1.0,1240,1.5,0,1909
265000.0,3.0,1.0,1020,1.0,0,1959
1140000.0,3.0,2.5,2780,1.5,670,1969
610000.0,3.0,2.0,2300,1.0,870,1955
554729.0,4.0,2.5,2020,2.0,290,1943
395000.0,5.0,1.75,1840,1.0,480,1948
341000.0,3.0,1.0,1390,1.5,0,1908
264500.0,4.0,2.25,2060,1.0,860,1962
395000.0,4.0,2.75,2640,1.5,0,1963
640000.0,3.0,2.25,1980,1.0,0,1959
430000.0,3.0,1.5,1810,1.0,780,1958
410000.0,4.0,2.5,1700,1.0,0,1972
220000.0,4.0,1.0,1200,1.5,0,1923
405500.0,2.0,2.75,1350,2.0,230,2006
633000.0,4.0,2.5,2360,1.0,380,1977
295950.0,2.0,1.0,1190,1.0,0,1948
1042031.0,4.0,5.0,4110,2.0,0,1978
605000.0,4.0,2.5,2800,1.0,1380,1970
255000.0,2.0,1.5,920,2.0,0,1995
474000.0,3.0,1.75,1530,2.0,0,1978
370000.0,2.0,1.0,860,1.0,0,1956
288000.0,3.0,2.5,1520,2.0,0,2004
100000.0,2.0,0.75,660,1.0,0,1912
1150000.0,5.0,2.5,3580,2.0,0,2000
600000.0,5.0,2.25,3000,2.0,0,1975
515000.0,5.0,3.25,2740,1.0,1350,1977
345000.0,4.0,2.5,2040,2.0,0,1999
975000.0,6.0,2.75,2520,2.0,0,1954
850000.0,3.0,2.0,2470,2.0,0,1961
439990.0,3.0,2.5,1930,2.0,630,2005
554950.0,3.0,2.5,2950,2.0,0,2006
605000.0,3.0,2.5,2610,2.0,0,2001
609000.0,3.0,1.75,1630,3.0,0,2014
425000.0,3.0,1.5,1400,3.0,0,2007
399900.0,2.0,1.75,1410,1.5,510,2011
1025000.0,4.0,3.5,4370,2.0,0,2008
519995.0,4.0,3.0,2590,2.0,0,2014
625000.0,3.0,1.5,1300,1.0,0,1960
600000.0,3.0,2.5,2320,2.0,0,2003
1200000.0,4.0,2.5,2700,2.0,0,2004
671000.0,4.0,3.0,3130,1.5,1380,1953
459500.0,3.0,1.75,1470,1.0,440,1984
499000.0,3.0,2.5,1540,3.0,150,1995
1280000.0,4.0,2.5,3160,1.5,1140,1917
395000.0,3.0,1.75,1480,1.0,0,1975
861990.0,5.0,2.75,3595,2.0,0,2014
382500.0,2.0,1.0,1190,1.0,0,1981
404950.0,4.0,2.25,2340,1.0,0,1982
530000.0,3.0,1.75,1320,1.0,450,1918
195000.0,2.0,1.0,1190,1.0,0,1910
747500.0,4.0,2.25,2350,2.0,0,1977
199990.0,3.0,1.0,1100,1.0,0,1961
548800.0,4.0,1.0,1660,1.5,400,1930
870000.0,4.0,3.0,3040,1.5,360,1923
588000.0,3.0,2.0,1860,2.0,0,1908
775000.0,4.0,3.25,4100,2.0,1600,1981
670000.0,6.0,3.0,4050,2.0,1430,1970
445000.0,2.0,2.0,1240,2.0,0,1985
300000.0,4.0,3.0,2200,1.0,0,1960
480000.0,3.0,2.25,1680,1.0,550,1959
300000.0,3.0,1.0,930,1.5,0,1919
360000.0,3.0,1.5,1800,2.0,0,1931
527000.0,6.0,3.5,3000,1.0,1500,1979
875000.0,3.0,1.5,1820,1.0,0,1952
266000.0,4.0,2.25,1995,2.0,0,1981
866000.0,4.0,3.25,3990,2.0,0,2004
335950.0,2.0,1.5,800,1.0,0,1951
215000.0,3.0,1.0,960,1.0,0,1967
481000.0,4.0,2.5,2286,2.0,0,2002
320000.0,3.0,1.75,2220,1.0,950,1950
295000.0,3.0,1.75,1940,1.5,0,1918
295000.0,3.0,1.5,1640,2.0,0,1908
320000.0,3.0,1.0,1120,1.0,0,1969
780000.0,4.0,2.0,2600,1.0,1200,1953
437500.0,3.0,2.0,1490,2.0,0,1948
443000.0,5.0,1.75,1650,1.5,0,1902
575000.0,4.0,2.5,2400,2.0,0,1990
245000.0,2.0,1.0,1500,1.0,310,1926
450000.0,3.0,2.5,1990,2.0,0,1993
536000.0,2.0,1.5,1130,2.0,100,2009
685000.0,3.0,3.25,2030,2.0,0,1980
373000.0,4.0,1.75,1590,2.0,0,1960
450000.0,3.0,1.75,1480,1.0,0,1971
645000.0,4.0,2.5,2690,2.0,0,1985
1275000.0,3.0,2.5,3870,2.0,0,1997
230000.0,3.0,1.0,1390,1.0,0,1954
593000.0,3.0,2.75,1830,2.0,140,2011
558000.0,2.0,2.0,1580,1.0,790,1910
538250.0,3.0,2.25,2590,2.0,0,1984
475000.0,5.0,2.5,2510,1.0,1020,1977
209950.0,3.0,1.5,1180,1.0,0,1968
410000.0,3.0,2.25,1450,2.0,0,1989
670000.0,5.0,2.5,2860,2.0,0,1958
821000.0,3.0,2.75,2760,1.0,1070,1967
665000.0,5.0,2.0,2800,1.0,1400,1963
339000.0,3.0,2.5,1450,2.0,0,2004
631500.0,4.0,2.0,2530,1.5,620,1910
570000.0,3.0,2.0,1640,1.0,820,1924
437000.0,3.0,1.75,2220,1.0,0,1967
542500.0,3.0,2.5,2040,2.0,0,1987
229500.0,3.0,1.0,1230,1.0,0,1967
170500.0,2.0,1.0,1060,1.0,240,1981
391500.0,3.0,2.5,1920,2.0,0,1993
296475.0,3.0,2.5,1520,2.0,0,2004
1450000.0,4.0,3.25,3770,2.0,1060,1925
888550.0,3.0,2.5,3540,2.0,0,1989
1360000.0,4.0,3.0,5430,2.0,0,1987
328000.0,3.0,2.0,2250,1.5,0,1998
300000.0,4.0,2.5,2090,2.0,0,2007
500000.0,3.0,2.5,1720,2.0,0,2011
494815.0,3.0,2.5,1910,2.0,0,2014
378000.0,3.0,2.5,1601,3.0,65,2007
505000.0,2.0,2.25,1060,2.0,120,2006
680000.0,4.0,2.75,2330,2.0,0,2005
351999.0,3.0,2.5,2370,2.0,0,2014
510000.0,3.0,2.5,1420,3.0,0,2014
1300000.0,4.0,2.25,2360,2.0,0,2013
374000.0,2.0,1.5,1260,2.0,0,2001
509900.0,3.0,2.5,3030,2.0,0,2009
230000.0,3.0,1.75,1140,2.0,0,2014
527700.0,5.0,2.5,2820,1.0,1270,1968
438000.0,2.0,2.0,1270,3.0,0,2000
900000.0,3.0,2.5,3180,2.0,0,1978
1131000.0,3.0,2.25,2790,1.0,0,2006
439000.0,4.0,2.25,2570,2.0,0,1980
315000.0,2.0,1.0,1080,1.0,360,1919
765000.0,4.0,4.0,3010,2.0,0,2004
332000.0,3.0,2.25,2120,1.0,400,1979
600000.0,3.0,2.25,1900,1.5,460,1969
378500.0,3.0,2.5,2860,2.0,0,1990
190000.0,3.0,1.0,910,1.0,0,1968
645000.0,4.0,2.5,2850,2.0,0,1987
780000.0,2.0,2.5,2560,2.0,870,1901
370000.0,3.0,1.75,1570,2.0,0,1982
875000.0,4.0,3.5,3110,2.0,0,1979
1049000.0,4.0,3.75,4740,2.0,0,1991
479000.0,3.0,1.0,1340,1.0,0,1955
245000.0,4.0,2.25,2600,1.0,1210,1978
542000.0,3.0,1.75,1070,1.0,0,1966
557500.0,3.0,2.25,1820,2.0,0,1984
480000.0,2.0,1.0,1060,1.0,200,1924
330000.0,3.0,2.25,2220,1.0,890,1993
160000.0,3.0,1.0,1350,1.5,0,1942
695500.0,5.0,2.75,2510,1.0,910,1975
235500.0,5.0,2.5,2340,1.0,670,1967
326500.0,3.0,1.0,1060,1.0,0,1968
300000.0,4.0,2.5,2200,2.0,0,1998
267000.0,3.0,1.0,1400,1.5,0,1944
292600.0,3.0,1.5,1520,1.0,0,1959
362000.0,5.0,3.0,1810,2.0,0,1998
1087500.0,2.0,2.0,2360,1.5,0,1997
357562.0,2.0,1.75,1210,2.0,0,2014
789900.0,3.0,2.5,3420,1.0,1670,1987
513000.0,3.0,2.5,1810,2.0,0,1992
336000.0,3.0,2.25,2760,1.0,0,1969
560000.0,4.0,2.25,1950,1.0,620,1968
1150000.0,3.0,2.5,3830,2.0,0,1991
410000.0,4.0,2.25,2060,1.0,840,1963
371500.0,3.0,1.0,1650,1.0,670,1954
368000.0,4.0,1.75,2100,1.0,1070,1964
650000.0,4.0,3.0,3720,1.0,1840,2003
308950.0,4.0,2.5,1920,2.0,0,1994
440000.0,3.0,2.0,1860,2.0,0,1998
630000.0,2.0,2.5,2290,2.0,0,2005
228950.0,3.0,1.75,1200,1.0,0,1968
782000.0,4.0,3.5,5270,2.0,1830,2004
245000.0,3.0,2.5,1600,2.0,0,1992
410000.0,4.0,2.5,2560,2.0,0,2006
427550.0,2.0,1.0,880,1.0,0,1940
235000.0,2.0,1.0,1020,1.0,0,1939
210000.0,3.0,2.0,960,1.0,0,1949
485000.0,4.0,2.25,1900,1.0,530,1977
410000.0,3.0,2.0,1320,1.5,0,1920
435000.0,4.0,2.75,2230,1.0,910,1998
300000.0,3.0,1.0,1150,1.0,0,1960
455000.0,4.0,3.5,3440,2.0,0,2002
210000.0,3.0,1.0,1070,1.0,0,1949
1050000.0,4.0,2.75,2250,1.5,750,1927
458400.0,4.0,2.5,1910,1.0,0,1921
390000.0,3.0,1.75,1180,1.0,0,1967
148226.0,3.0,1.0,1400,1.0,0,1968
711600.0,4.0,3.0,3580,2.5,1210,1991
819000.0,3.0,2.75,3176,2.0,450,1985
613000.0,2.0,2.0,1170,1.5,0,1927
592350.0,2.0,2.0,1570,1.0,0,2006
232000.0,3.0,1.5,1460,1.0,0,1966
250000.0,3.0,1.75,1140,1.0,0,1983
115000.0,1.0,2.0,1150,1.0,0,1962
1115000.0,4.0,2.5,3180,1.0,790,1978
585000.0,4.0,2.5,2630,2.0,0,1999
580000.0,3.0,2.25,1940,1.0,420,1987
165000.0,1.0,1.0,850,1.0,0,1906
430000.0,3.0,2.0,1550,1.0,720,1942
383000.0,3.0,2.25,2090,1.0,0,1961
1195000.0,4.0,3.5,3960,2.0,1110,2006
201500.0,3.0,1.0,1320,1.5,0,1912
690000.0,4.0,2.5,3220,2.0,0,1991
325000.0,2.0,1.0,800,1.0,0,1953
375000.0,3.0,1.75,1660,1.0,530,1976
600000.0,4.0,2.5,2250,2.0,0,1991
340000.0,3.0,2.25,2120,1.0,0,1997
890000.0,4.0,2.75,2310,3.0,0,1979
415000.0,4.0,1.75,1920,2.0,0,1970
255000.0,3.0,1.75,1550,1.0,500,1976
530000.0,2.0,2.5,1785,2.0,190,1975
468000.0,3.0,1.5,1830,1.0,0,1962
970000.0,5.0,2.75,3500,2.0,550,1927
599000.0,3.0,2.0,2560,1.0,1230,1987
399500.0,4.0,1.75,1360,1.5,0,1928
1205000.0,4.0,3.5,3150,2.0,0,2014
325000.0,2.0,1.0,810,1.0,0,1941
1135250.0,5.0,4.0,7320,2.0,0,1992
568000.0,4.0,1.75,2790,1.0,1340,1956
517000.0,2.0,1.5,1920,1.0,960,1912
469950.0,4.0,2.75,2530,2.0,0,1997
623000.0,3.0,1.75,2050,1.0,0,1973
720000.0,4.0,2.25,2410,2.0,0,1965
205000.0,3.0,1.0,1180,1.0,0,1967
148000.0,2.0,1.0,630,1.0,0,1930
950000.0,3.0,2.5,3480,1.0,1730,1941
405000.0,3.0,1.5,1010,1.5,0,1953
293000.0,3.0,2.25,1910,2.0,0,2009
550000.0,3.0,3.5,2490,2.0,770,2005
435000.0,4.0,2.5,2150,2.0,0,2010
355000.0,4.0,2.75,3000,2.0,0,2005
673000.0,3.0,2.75,2830,2.0,0,2012
449990.0,4.0,2.5,2680,2.0,0,2013
249000.0,2.0,1.5,1090,2.0,0,1982
380000.0,4.0,2.5,1984,1.0,420,1962
760005.0,4.0,2.75,3090,2.0,0,2010
674600.0,4.0,2.5,2610,2.0,0,2006
812000.0,4.0,3.5,3370,2.0,620,2007
333490.0,4.0,2.5,2250,2.0,0,2014
320000.0,3.0,3.25,1450,2.0,270,2013
999000.0,4.0,2.5,3130,2.0,0,2013
810000.0,2.0,2.75,2700,1.0,0,2007
399950.0,5.0,2.75,1970,1.0,650,1986
550000.0,3.0,2.0,1970,2.0,700,1929
290000.0,3.0,1.5,1950,1.0,0,1959
232500.0,3.0,1.5,1940,1.0,800,1969
1355000.0,4.0,3.5,3550,1.0,1290,1999
565000.0,3.0,2.5,2500,2.0,0,1990
749950.0,4.0,2.75,2910,1.0,700,1957
720500.0,4.0,2.5,3350,2.0,0,1985
507000.0,3.0,1.75,2140,1.0,650,1950
989000.0,5.0,4.5,4030,2.0,0,2000
463000.0,4.0,2.5,1980,2.0,0,1974
310000.0,3.0,1.5,1460,1.0,0,1952
284000.0,4.0,1.75,1880,1.0,750,1960
737500.0,3.0,1.75,2320,2.0,0,1935
569000.0,3.0,3.25,2220,1.5,450,1929
700000.0,3.0,1.0,1410,2.0,0,1901
660000.0,3.0,1.0,1240,1.0,0,1927
275000.0,4.0,2.0,2030,2.0,0,1944
570000.0,6.0,3.75,4000,2.0,920,2004
150000.0,3.0,0.75,490,1.5,0,1959
356000.0,3.0,2.5,1590,2.0,0,2000
610000.0,3.0,2.5,2630,2.0,0,2001
498800.0,2.0,1.75,1350,1.0,0,2008
226550.0,3.0,1.0,990,1.0,0,1943
692500.0,4.0,2.75,3710,2.0,0,1999
250000.0,3.0,1.0,990,1.0,0,1960
660000.0,4.0,2.5,2510,2.0,0,2002
295000.0,2.0,1.0,800,1.0,0,1953
154950.0,4.0,1.0,1600,1.0,0,1966
409124.0,5.0,3.25,3320,2.0,840,1999
287000.0,5.0,1.5,1730,1.0,720,1962
810000.0,4.0,1.75,2000,1.0,1000,1958
525000.0,4.0,2.75,2910,1.0,1270,1985
525000.0,4.0,1.75,1710,1.0,0,1955
275000.0,3.0,1.0,1200,1.0,0,1954
583000.0,3.0,2.5,2600,2.0,0,1998
237950.0,2.0,1.75,1460,1.0,0,1987
1065000.0,4.0,3.75,4260,2.0,0,2008
679000.0,4.0,2.75,2100,1.5,320,1928
1465000.0,6.0,4.5,4230,2.0,1870,1916
410000.0,3.0,1.75,1660,1.0,830,1980
306000.0,3.0,1.0,1450,1.0,440,1969
215000.0,4.0,1.5,1860,1.5,0,1920
594950.0,4.0,2.5,2720,2.0,0,1989
1250000.0,4.0,2.5,2920,1.0,890,1957
305000.0,3.0,1.5,1800,1.0,0,1966
425000.0,2.0,1.0,1320,1.0,300,1939
215000.0,3.0,1.75,1770,1.0,0,1959
480000.0,5.0,2.75,2550,1.0,1160,1967
550000.0,4.0,1.75,2150,1.0,1040,1966
750000.0,4.0,2.5,3020,2.0,0,2004
137124.0,3.0,1.0,960,1.0,0,1970
840000.0,3.0,2.0,2783,2.0,0,1910
624800.0,3.0,2.0,2250,1.0,750,1964
630000.0,3.0,1.75,1710,1.0,0,1986
590000.0,3.0,2.5,2650,1.0,970,1975
599950.0,3.0,3.25,1830,3.0,0,2014
299880.0,3.0,2.5,1460,2.0,0,2000
400000.0,3.0,2.0,1760,1.0,0,1967
560000.0,3.0,2.5,1960,2.0,0,2002
229000.0,4.0,2.25,2010,1.0,840,1979
525000.0,4.0,2.5,3670,2.0,0,2005
737000.0,2.0,2.25,2290,1.0,0,2007
680000.0,3.0,2.0,1780,1.0,800,1925
635000.0,4.0,2.5,3080,2.0,0,1997
740000.0,4.0,2.5,3360,2.0,0,1997
335500.0,3.0,1.0,1370,2.0,0,1930
270000.0,4.0,2.5,1660,1.0,0,1978
1037000.0,4.0,3.5,4440,2.0,0,2003
450000.0,5.0,2.5,2850,1.0,920,1925
379000.0,3.0,2.5,1530,2.0,0,1986
468000.0,4.0,2.5,2100,1.0,860,1976
321500.0,1.0,1.0,730,1.0,0,2008
443000.0,3.0,2.25,1920,2.0,0,1989
340000.0,3.0,1.0,1600,1.0,0,1958
470000.0,4.0,2.25,2380,2.0,850,1979
545000.0,3.0,2.5,2760,2.0,0,2002
415000.0,4.0,1.5,1840,1.5,0,1950
599000.0,7.0,2.5,2580,1.0,700,1901
759000.0,4.0,1.75,2100,1.0,760,1975
300000.0,4.0,1.75,1820,1.0,630,1926
359000.0,3.0,1.5,1550,1.0,470,1978
550000.0,4.0,1.0,1440,1.5,0,1924
395000.0,2.0,1.0,930,1.0,0,1940
486000.0,4.0,2.5,3560,2.0,0,1988
187000.0,2.0,1.0,840,1.0,0,1952
734950.0,4.0,3.25,4280,2.0,1230,2002
284000.0,3.0,1.5,1500,1.0,0,1957
696000.0,4.0,3.5,3650,2.0,1100,1996
380000.0,2.0,1.0,780,1.0,0,1918
625000.0,4.0,1.0,1600,1.5,0,1946
252000.0,4.0,1.75,1120,1.0,0,1966
560000.0,2.0,1.0,1010,1.0,0,1960
395000.0,4.0,2.75,1970,1.0,0,1961
900000.0,4.0,2.5,2230,2.0,690,1935
625000.0,3.0,1.75,3160,1.0,1000,1978
580000.0,3.0,1.75,1850,1.0,830,1909
309000.0,3.0,2.25,1980,1.0,680,1963
412000.0,4.0,3.5,3360,2.0,910,1990
495000.0,3.0,2.0,2660,1.0,0,1964
215000.0,3.0,1.0,1200,1.0,0,1967
741500.0,2.0,2.5,2150,1.0,0,2010
749000.0,3.0,2.75,2820,2.0,0,2008
659950.0,4.0,2.75,3510,2.0,0,2014
530000.0,3.0,2.5,1790,2.0,0,2010
749000.0,4.0,2.75,2700,2.0,600,1910
595000.0,4.0,3.25,3730,2.0,970,2013
487000.0,4.0,2.5,2540,2.0,0,2005
760000.0,4.0,2.25,3300,3.0,0,2014
1240000.0,5.0,3.5,5430,2.0,1420,2007
435000.0,4.0,2.5,2550,2.0,0,2009
374950.0,3.0,2.25,1390,3.0,0,2007
440000.0,3.0,1.5,1270,3.0,0,2007
360000.0,4.0,2.5,2380,2.0,0,2005
879000.0,4.0,2.5,3360,2.0,0,1994
505000.0,2.0,1.0,1240,1.0,0,1962
545000.0,2.0,2.0,2930,1.0,1250,1980
600000.0,2.0,2.5,2410,1.0,470,1912
775000.0,6.0,2.75,2980,1.5,500,1916
725000.0,2.0,1.75,1950,1.0,940,1919
610000.0,4.0,2.75,2600,1.0,1020,1976
350000.0,4.0,1.0,1170,1.5,0,1959
410000.0,3.0,1.0,1470,1.0,0,1953
639000.0,4.0,2.0,1840,1.0,920,1942
439000.0,4.0,2.0,1560,1.0,0,1968
499950.0,4.0,1.75,1520,1.0,0,1967
800000.0,3.0,2.75,2220,2.0,520,1914
350000.0,4.0,2.5,2800,2.0,0,1993
279000.0,2.0,1.0,670,1.0,0,1942
290256.0,3.0,2.25,1720,2.0,0,1983
355000.0,3.0,2.5,2110,2.0,0,1989
263000.0,3.0,1.75,1580,1.0,400,1993
880000.0,6.0,2.5,2640,2.0,880,1922
426500.0,4.0,2.5,2700,2.0,0,1998
735000.0,3.0,2.5,2820,2.0,0,2004
720000.0,4.0,2.5,3340,2.0,0,1999
265000.0,3.0,2.5,1530,2.0,0,1991
840000.0,4.0,3.5,3840,2.0,0,1998
657500.0,3.0,2.0,2320,1.0,810,1956
850000.0,5.0,2.0,2310,1.5,0,1966
436110.0,3.0,2.5,1770,3.0,170,2007
589900.0,2.0,3.0,3160,2.0,0,1993
620000.0,3.0,1.5,1620,1.0,340,1954
254000.0,4.0,2.0,1510,1.0,0,1955
375000.0,3.0,1.75,960,1.0,0,1962
455000.0,4.0,2.25,1740,1.0,570,1958
445000.0,4.0,2.0,1470,1.0,0,1965
568500.0,4.0,2.5,2460,2.0,0,1998
352500.0,3.0,1.75,1170,1.0,0,1962
342500.0,2.0,1.75,1210,1.0,0,1982
299950.0,3.0,2.5,1870,2.0,0,1990
425000.0,3.0,2.5,1950,2.0,0,2009
561000.0,4.0,2.5,2570,2.0,0,1990
455500.0,3.0,2.0,1460,1.0,0,1975
400000.0,3.0,2.5,2970,1.0,1460,1967
443500.0,4.0,2.5,2040,2.0,0,1994
1234582.0,5.0,3.25,3240,1.5,740,1939
370000.0,4.0,2.75,3150,1.0,900,1965
475000.0,3.0,2.25,1820,1.0,580,1981
580000.0,4.0,2.5,2130,1.0,640,1980
518000.0,3.0,1.5,1430,1.0,0,1956
525000.0,3.0,2.5,2030,2.0,0,1991
236000.0,4.0,2.75,2000,2.0,0,1997
278500.0,4.0,2.25,1940,2.0,0,1990
205425.0,2.0,1.75,880,1.0,0,1945
248000.0,3.0,1.0,950,1.0,0,1954
505000.0,3.0,2.25,1670,2.0,450,2002
657500.0,3.0,2.5,2670,2.0,0,1989
670000.0,3.0,2.5,2700,2.0,1420,2003
202000.0,1.0,1.0,590,1.0,0,1926
440000.0,4.0,2.25,2160,1.0,1080,1966
690000.0,4.0,2.5,2700,2.0,0,2004
375000.0,6.0,2.25,3206,2.0,0,2012
291000.0,3.0,1.75,1560,1.0,0,1964
230000.0,3.0,1.75,1400,1.0,0,1957
850000.0,4.0,3.25,3090,2.0,0,2013
84350.0,4.0,2.0,2630,2.0,0,1953
188000.0,4.0,2.75,3260,1.0,1090,1968
7800.0,2.0,1.0,780,1.0,0,1942
237227.857143,4.0,2.5,2200,2.0,0,1987
117833.333333,3.0,1.0,1340,1.0,0,1953
0.0,3.0,1.75,1490,1.0,0,1962
744312.5,4.0,2.5,2800,1.0,1140,1963
0.0,4.0,2.75,2600,1.0,1300,1960
0.0,6.0,2.75,3200,1.0,1600,1953
0.0,5.0,3.5,3480,2.0,990,1983
439333.333333,3.0,3.5,3020,2.0,940,1954
280000.0,3.0,2.25,1970,1.0,790,1967
0.0,5.0,1.5,1500,1.0,740,1920
0.0,4.0,4.0,3680,2.0,0,1990
176225.0,3.0,2.0,1570,1.0,0,1952
500324.0,3.0,2.5,2280,2.0,400,2006
444845.0,3.0,2.5,1600,2.0,0,2013
330000.0,3.0,3.0,1680,3.0,0,2014
292285.714286,3.0,1.75,1890,1.0,0,1966
160000.0,2.0,1.0,520,1.0,0,1951
274333.333333,3.0,2.25,1780,2.0,0,1988
537500.0,4.0,3.0,2920,1.0,1460,1964
232333.333333,3.0,2.25,2430,1.0,0,1974
237333.333333,3.0,2.75,3010,2.0,0,2011
346750.0,3.0,1.0,1620,1.5,0,1911
0.0,2.0,2.5,2200,1.0,0,2007
1020000.0,3.0,2.25,2950,1.5,0,2006
0.0,4.0,2.25,2170,1.0,900,1960
254000.0,3.0,1.5,1770,1.0,610,1959
238750.0,3.0,1.0,1830,1.0,0,1942
268971.875,4.0,2.5,2380,2.0,0,1997
642000.0,4.0,2.5,2550,1.0,1260,1964
571986.111111,3.0,2.5,3720,2.0,0,1982
0.0,5.0,4.5,4630,2.0,1420,2006
0.0,5.0,4.0,4430,2.0,0,2013
554250.0,3.0,2.5,1490,3.0,0,2004
0.0,4.0,4.5,5030,2.0,1780,2008
0.0,4.0,1.5,2180,1.0,900,1954
107500.0,4.0,1.5,1590,1.0,0,1966
300000.0,3.0,2.0,1510,1.0,280,1973
0.0,4.0,3.5,4210,2.0,0,2006
540833.333333,3.0,2.0,1640,1.0,0,1977
274750.0,4.0,2.5,1840,2.0,440,2004
148612.5,3.0,1.0,1040,1.0,0,1959
326428.571429,3.0,1.0,1250,1.0,0,1951
0.0,5.0,3.25,3690,2.0,0,1977
135333.333333,4.0,1.0,1530,1.5,130,1948
577437.5,4.0,2.5,2110,2.0,0,2000
440825.0,3.0,1.75,2150,1.0,950,1956
195000.0,5.0,3.75,5340,2.5,1600,1912
257500.0,4.0,1.75,2420,1.0,940,1979
692000.0,4.0,3.25,5010,2.0,0,1988
176400.0,2.0,1.0,910,1.0,0,1981
193000.0,3.0,1.5,2200,1.5,0,1932
646212.5,4.0,2.5,3430,2.0,0,2013
268971.875,4.0,2.5,1860,1.0,640,1983
0.0,4.0,3.75,3300,1.5,700,1926
317061.875,3.0,1.75,1280,1.0,0,1969
83300.0,3.0,2.0,1490,1.0,0,1990
0.0,5.0,2.25,2880,2.0,0,1990
266066.666667,4.0,1.0,1310,1.5,150,1945
342246.428571,4.0,2.5,1980,2.0,0,1988
0.0,5.0,2.25,2000,1.0,700,1986
0.0,3.0,3.0,1860,1.0,820,1954
0.0,4.0,3.0,1990,2.0,0,1990
240015.333333,4.0,2.25,1720,1.0,0,1973
83300.0,3.0,2.0,1370,1.0,0,1964
316850.0,4.0,3.0,4060,1.0,2030,1989
259585.571429,4.0,2.5,1960,2.0,0,2001
328211.904762,4.0,2.5,1720,1.0,600,1961
673476.818182,4.0,2.5,2740,2.0,0,1990
0.0,4.0,1.0,1360,1.0,0,1955
425000.0,3.0,2.5,1870,2.0,0,2003
127160.0,2.0,1.0,720,1.0,0,1942
341750.0,3.0,2.25,2180,2.0,0,1986
178650.0,3.0,1.5,1430,1.0,0,1953
87500.0,2.0,1.0,780,1.0,0,1948
282508.888889,3.0,1.0,1180,1.5,0,1946
450385.714286,3.0,2.0,1300,1.0,400,1993
435000.0,4.0,3.0,4260,2.0,0,2000
532500.0,2.0,1.75,2050,1.0,0,1950
408900.0,3.0,1.75,2930,1.0,900,1993
156766.666667,2.0,1.0,1500,1.5,620,1928
452500.0,5.0,3.5,5960,2.0,1190,1984
308830.769231,2.0,1.0,810,1.0,0,1919
484991.666667,4.0,2.75,2320,2.0,0,2012
287919.782609,2.0,1.0,1090,1.0,360,1942
247875.0,2.0,1.0,1000,1.0,0,1942
309487.5,3.0,2.5,2260,2.0,0,1994
173666.666667,4.0,1.0,1290,1.5,0,1957
237481.25,3.0,2.0,2120,1.0,0,1991
326983.333333,3.0,2.25,1490,2.0,0,2009
790000.0,4.0,2.5,2310,2.0,0,2013
0.0,1.0,1.0,720,1.0,0,1940
678333.333333,3.0,2.5,1840,1.0,920,1926
542804.75,5.0,2.75,2910,1.0,1320,1977
723243.75,4.0,2.75,3270,2.0,0,2014
667781.25,5.0,2.75,3040,2.0,0,1993
108333.333333,3.0,1.0,1200,1.0,0,1969
0.0,5.0,2.75,2740,1.5,1070,1925
535000.0,4.0,2.25,2290,2.0,170,1958
596165.428571,4.0,2.0,2580,1.0,1280,1950
269187.5,3.0,1.75,1590,1.5,0,1926
148612.5,3.0,1.0,1040,2.0,0,1942
0.0,3.0,1.0,1300,1.0,0,1952
0.0,5.0,2.5,2090,2.0,0,1998
341166.666667,5.0,2.75,2670,2.0,0,2014
132500.0,4.0,1.0,1540,1.5,0,1923
557125.0,4.0,2.75,3370,2.0,0,1991
228944.444444,3.0,1.75,1730,1.0,0,1972
592105.714286,3.0,2.5,1640,2.0,0,1992
535000.0,4.0,2.25,2980,1.5,960,1935
420642.857143,3.0,2.0,1330,1.0,0,1969
132250.0,4.0,2.25,2192,2.0,0,2006
237227.857143,4.0,2.5,2068,2.0,0,1976
440825.0,3.0,1.75,1980,1.0,890,1910
423050.925926,2.0,1.0,890,1.0,0,1923
1337044.2,4.0,3.5,4280,2.0,0,2005
315368.7,3.0,2.5,3080,2.0,0,1990
417985.714286,4.0,2.25,2070,2.0,0,1977
723243.75,4.0,2.75,3010,2.0,0,2014
259950.0,4.0,2.0,2030,1.0,0,1976
0.0,4.0,3.75,4060,2.0,0,2002
237333.333333,3.0,2.75,2340,1.0,840,1972
426090.0,3.0,2.5,2340,2.0,0,1995
458663.888889,2.0,1.0,1470,1.0,450,1941
812650.0,4.0,2.5,3700,1.0,1080,1988
135333.333333,4.0,1.0,1200,1.5,0,1944
0.0,5.0,2.75,2910,1.0,1400,1979
0.0,5.0,2.0,1910,1.0,800,1951
0.0,3.0,2.5,2880,1.0,1360,1950
0.0,5.0,2.75,3240,2.0,0,2013
387884.615385,3.0,1.75,1590,1.5,620,1938
437500.0,5.0,3.5,3690,2.0,1150,2006
641633.333333,3.0,2.5,2480,2.0,0,2000
681965.78125,4.0,2.5,2683,2.0,0,1987
229629.5,2.0,1.0,1100,1.0,0,1947
0.0,4.0,1.0,2080,1.5,820,1926
210614.285714,3.0,2.5,2210,1.0,760,1966
790000.0,4.0,3.25,2420,1.5,550,1911
435500.0,3.0,3.5,1240,2.0,240,2008
738190.857143,3.0,2.5,2300,1.5,790,1930
497333.333333,3.0,1.75,1760,1.0,530,1967
300000.0,3.0,2.0,2020,1.0,800,1957
1036200.0,4.0,3.25,2500,1.5,540,1926
163785.714286,2.0,1.0,760,1.5,0,1947
351250.0,4.0,1.75,1580,1.0,450,1947
645325.0,3.0,2.5,2670,2.0,0,2003
171224.8,3.0,1.0,1140,1.0,0,1943
0.0,5.0,3.75,3870,2.0,0,1998
540000.0,3.0,2.75,2750,1.0,940,1978
233166.666667,3.0,2.0,1570,2.0,520,1971
329333.333333,3.0,1.75,1160,1.0,0,1976
225279.428571,3.0,2.25,2110,1.0,750,1973
331366.666667,3.0,2.5,1270,2.0,0,2004
460886.923077,4.0,2.5,3250,2.0,0,2009
337945.75,2.0,1.0,940,1.0,0,1910
0.0,4.0,1.5,2310,2.0,0,1968
243069.230769,3.0,1.0,1130,1.0,0,1958
0.0,6.0,3.0,3020,2.0,0,1952
690408.62069,4.0,2.5,3210,2.0,0,1995
592105.714286,3.0,2.5,2650,2.0,0,1994
220083.333333,3.0,1.75,1150,1.0,0,1983
280000.0,3.0,3.0,3910,2.0,0,1985
297857.142857,4.0,2.5,3490,2.0,0,2003
950833.333333,5.0,3.0,3330,2.0,720,1977
323833.333333,4.0,1.0,1940,1.5,0,1947
309000.0,3.0,2.5,1800,2.0,0,2011
248400.0,3.0,1.75,1880,1.0,550,1985
994500.0,4.0,2.25,2870,1.5,890,1905
0.0,4.0,2.5,1960,1.0,980,1931
0.0,4.0,1.0,1810,1.0,400,1959
0.0,2.0,2.25,1490,1.5,0,1926
0.0,3.0,4.5,5230,2.0,1490,2005
288500.0,5.0,2.5,3390,1.0,1640,1978
379509.166667,2.0,1.0,880,1.0,0,1950
180785.714286,2.0,1.0,2550,1.0,940,1958
950100.0,4.0,2.5,3160,2.0,0,1965
0.0,4.0,5.0,4550,1.0,1950,2002
542500.0,5.0,2.75,3831,2.0,0,1959
362750.0,2.0,1.75,1240,1.5,0,1906
234975.0,4.0,2.75,2520,2.0,0,1999
672500.0,4.0,2.25,2420,2.0,0,1973
391400.0,4.0,1.75,1250,1.0,0,1959
0.0,3.0,2.75,1310,1.0,0,1957
198995.0,3.0,1.0,1410,1.0,0,1951
278900.0,3.0,1.0,990,1.0,0,1968
171758.333333,3.0,1.0,1000,1.0,0,1991
325187.5,3.0,1.75,2000,1.0,700,1968
190368.75,2.0,1.0,1120,1.0,0,1944
375000.0,5.0,3.25,3370,2.0,0,2001
216000.0,3.0,2.75,2210,2.0,0,2008
0.0,5.0,3.5,2640,2.0,0,2001
360500.0,3.0,2.5,1150,3.0,0,2007
677099.565217,4.0,2.5,2150,2.0,0,1997
405125.0,4.0,2.75,4230,2.0,0,1985
289987.5,3.0,1.75,1570,1.0,490,1956
264270.0,3.0,2.5,1630,1.0,510,1978
602761.0,4.0,2.5,2770,2.0,0,1989
251555.555556,3.0,1.0,1750,1.0,600,1956
214750.0,3.0,1.5,1090,1.0,0,1967
258125.0,2.0,1.0,930,1.0,0,1924
0.0,4.0,2.0,2100,2.0,0,1965
677099.565217,4.0,2.5,2540,2.0,0,1987
0.0,2.0,1.0,810,1.0,0,1959
0.0,2.0,1.5,1520,1.0,0,1951
167500.0,1.0,1.0,690,1.0,0,1928
471500.0,4.0,3.0,2370,1.5,720,1916
0.0,4.0,4.25,3500,1.0,1360,1951
464600.0,2.0,1.0,840,1.0,0,1924
132250.0,4.0,2.25,1830,2.0,0,1991
433111.111111,3.0,2.25,1370,3.0,0,2005
542500.0,5.0,2.75,2520,1.0,950,1960
0.0,2.0,2.25,2130,1.5,600,1941
368112.5,4.0,2.5,2590,2.0,0,1991
673476.818182,4.0,2.5,1820,2.0,0,1987
558653.846154,3.0,2.5,1530,1.5,520,1928
0.0,4.0,2.5,4080,2.0,0,1983
168333.333333,2.0,1.0,1050,1.5,0,1964
268971.875,4.0,2.5,1954,2.0,0,2005
318000.0,2.0,1.75,1530,1.0,700,1916
550607.142857,4.0,2.0,1660,1.5,0,1922
1288333.33333,6.0,4.5,3830,3.0,780,1919
584000.0,3.0,1.75,1490,2.0,400,2008
0.0,3.0,1.0,1520,1.0,0,1956
0.0,5.0,6.25,8020,2.0,0,2001
245000.0,3.0,3.0,2470,2.0,610,1977
287919.782609,2.0,1.0,870,1.0,0,1942
672500.0,4.0,2.25,2110,2.0,0,1972
454790.0,2.0,1.75,1990,1.0,900,1952
282508.888889,3.0,1.0,1560,1.0,650,1948
473200.0,3.0,1.5,1740,1.5,100,1920
406062.5,2.0,1.0,1290,1.0,0,1906
282766.666667,4.0,2.0,1700,1.0,850,1955
486445.833333,3.0,1.75,1880,1.0,0,1984
486895.0,3.0,1.0,1890,1.5,500,1901
430277.777778,3.0,2.25,1620,3.0,80,2009
229629.5,2.0,1.0,770,1.0,0,1948
0.0,4.0,2.25,2890,3.0,0,1984
182805.0,3.0,1.0,1040,1.0,240,1958
380680.555556,4.0,2.5,2620,2.0,0,1991
396166.666667,3.0,1.75,1880,1.0,940,1945
252980.0,4.0,2.5,2530,2.0,0,1993
289373.307692,3.0,2.5,2538,2.0,0,2013
210614.285714,3.0,2.5,1610,2.0,0,1994
308166.666667,3.0,1.75,1510,1.0,0,1954
534333.333333,3.0,2.5,1460,2.0,0,1983
416904.166667,3.0,2.5,3010,2.0,0,2009
203400.0,4.0,2.0,2090,1.0,1020,1974
220600.0,3.0,2.5,1490,2.0,0,1990
